0,1,2,3,4,6,12,14,15,16,18,19,21,22,23,24,25,26,28,29,31,32,33,34,35,37,38,39,40,41,43,44,45,46,47,48,50,51,55,59,60,61,62,63,64,65,66,67,68,70,71,74,83,88,90,96,98,115,117,120,122,123,124,125,126,128,129,133,134,135,136,137,138,139,142,150,151,154,155,159,160,161,162,163,164,166,167,169,170,175,177,180,181,182,183,184,185,187,188,195,196,197,198,199,200,201,202,203,204,205,207,208,218,223,225,250,255,268,269,270,273,316,336,337,356,412,413,416,417,418,419,420,423,426,429,430,431,432,433,434,438,439,442,443,444,460,468,471,472,473,474,476,480,482,483,484,485,486,487,488,489,491,493,494,496,499,500,510,511,519,520,521,523,525,526,539,545,546,547,548,549,550,551,555,559,562,563,564,569,570,571,572,573,585,589,lot_index,cf_index
-0.2775969898454927,0.6526462820784152,-0.1848642434204729,-0.7942667402921402,-0.0508306861015441,0.3582052517348758,0.5396820211893691,1.0208657338710083,-0.0655367371628487,0.1600735038041497,0.4947112340260379,-0.0683802466322068,4.616142915772543,-4.401263595042892,1.3274328895486307,0.2271846637544043,-4.220532816846545,-5.566399122064398,-0.2278828498094501,-1.033086328186571,-0.3177919944116692,-0.286599858799012,-0.2241407271979891,-0.3634230309443048,-0.172606603762378,-1.258050187764801,-4.712217510926603,-0.0368618884029017,-2.2462084982757786,0.8904406398422511,1.703889418798803,1.6797550982676854,-2.0984872461117603,-0.8568410379213308,-1.1803453170140636,-0.4064600932032883,-0.8893600140334765,-0.7288752848071022,1.354941922439096,2.6171589701706743,1.6186399118582322,0.6778341173370483,-0.9735614994634824,-0.862974270683447,-1.6872723594401036,-1.4389364994947835,-0.0278086805078641,-0.0514509487578561,-0.6719311800989919,-0.1572750843701639,0.245603248677936,-0.0252699347859634,0.073894080907039,-1.4128283147431229,-0.90149886856195,0.0023917023214346,-0.2863428930051359,-2.256711687854837,-0.0133435931571718,-0.8454776967895296,-0.8324897429734326,-0.9230610802879698,-0.7436902597059207,-0.8535633457581387,1.093793900536481,0.405580033286083,-0.0130157621643553,-1.6744741196116235,-0.4173865741525886,-0.5037270073963394,0.6064174897738341,0.4514412676048178,-0.365251639125663,-0.1353725012594339,-0.2314185503544082,0.8793864072886773,-0.1231963079709855,1.073721409835558,-0.0411030458310029,4.85941420804504,4.156214698562745,-0.0231368450333354,-0.6135003764569075,6.406776016366907,6.814159200905839,-0.5261810088456451,-0.3729059977441069,-1.4841988539369353,2.5295484564034303,1.6315328104615667,-0.2429813938760297,-0.8650931566067872,-0.9977541380196724,0.5814953276753463,-0.4892617959584783,-0.4404669810976506,-0.6020668924517873,0.117818070580397,-0.4127772755568378,10.974258553840782,-0.2939790112590089,-0.0018941217418737,-0.1488132076152162,-0.0792644977211902,-0.0413634759213401,-0.7393105042761985,-0.236996945252531,-0.2579520169878715,-0.0565446745781329,0.3252029935373981,0.0433220444535871,1.5994905608463683,-1.2218368214473745,-0.9942357848313744,0.1545184979091401,0.5194633767124699,-0.1816200034232387,0.0498522572647692,-0.1402804056532899,-0.6806304321144269,-0.5466178546541006,-0.6867329022760543,-0.0988895579629661,-0.739541105824502,-1.2336056441160312,0.300667697377291,-0.3578764752036449,-0.3653057288923994,0.1413101674301414,-0.1769165197871338,-0.9504065946696284,15.795207154,0.1175720445851969,0.6642790366957264,0.0346097768859347,5.243930314713252,5.164635338858133,0.8046248315006452,0.0434751460270563,5.507873258373948,-0.0958238623710134,-0.0148721745650129,-1.3947167458149143,-0.0533049460452879,0.0144916508041407,0.0826763988844248,-0.9087553874833728,-0.0175043073230545,1.7131878229546855,-0.2651865461624885,0.0828125830385021,0.2963006597365718,0.8357700327168405,-1.1408278789356825,-0.5546581468125812,-1.0117597152985571,-0.1729817566868529,-1.0580959411958155,-0.5347960484862927,-1.410071061074701,0.0995607724190597,0.1164563535290726,1.4314913358936314,-0.0110753067837789,0.5412227697027044,0.6515056541903376,1.159637705410855,0.832749357740124,-0.8365107641072618,0.294994816720708,0.3657720661666113,-0.1126207200842272,-0.0819766902164583,-0.1749583914511831,-1.1117142361584078,-0.7815829105868789,-0.376422372980198,-0.7438871923453823,1.7666540893583302,-0.2865352407826698,-0.6254315030377551,0.2264515011085864,-0.2633375414658256,-0.7680523116938517,1.9656353154406965,0.4202973285912654,1.0640236018171645,1.2447178025324224,-0.5268669301534139,0.0944759509503156,-0.8375133500460887,-0.2188327673867075,-0.2952366569098531,0.0402352688596373,-0.4458924925592482,1,0
-0.2775969898454927,0.6526462820784152,-0.1848642434204729,-0.7942667402921402,-0.0508306861015441,0.3582052517348758,0.5396820211893691,1.0208657338710083,-0.0655367371628487,0.1600735038041497,0.4947112340260379,-0.0683802466322068,4.616142915772543,-4.401263595042892,1.3274328895486307,0.2271846637544043,-4.220532816846545,-5.566399122064398,-0.2278828498094501,-1.033086328186571,-0.3177919944116692,-0.286599858799012,-0.2241407271979891,-0.3634230309443048,-0.172606603762378,-1.258050187764801,-4.712217510926603,-0.0368618884029017,-2.2462084982757786,0.8904406398422511,1.703889418798803,1.6797550982676854,-2.0984872461117603,-0.8568410379213308,-1.1803453170140636,-0.4064600932032883,-0.8893600140334765,-0.7288752848071022,1.354941922439096,2.6171589701706743,1.6186399118582322,0.6778341173370483,-0.9735614994634824,-0.862974270683447,-1.6872723594401036,-1.4389364994947835,-0.0278086805078641,-0.0514509487578561,-0.6719311800989919,-0.1572750843701639,0.245603248677936,-0.0252699347859634,0.073894080907039,-1.4128283147431229,-0.90149886856195,0.0023917023214346,-0.2863428930051359,-2.256711687854837,-0.0133435931571718,-0.8454776967895296,-0.8324897429734326,-0.9230610802879698,-0.7436902597059207,-0.8535633457581387,1.093793900536481,0.405580033286083,-0.0130157621643553,-1.6744741196116235,-0.4173865741525886,-0.5037270073963394,0.6064174897738341,0.4514412676048178,-0.365251639125663,-0.1353725012594339,-0.2314185503544082,0.8793864072886773,-0.1231963079709855,1.073721409835558,-0.0411030458310029,4.85941420804504,4.156214698562745,-0.0231368450333354,-0.6135003764569075,6.406776016366907,6.814159200905839,-0.5261810088456451,-0.3729059977441069,-1.4841988539369353,2.5295484564034303,1.6315328104615667,-0.2429813938760297,-0.8650931566067872,-0.9977541380196724,0.5814953276753463,-0.4892617959584783,-0.4404669810976506,-0.6020668924517873,0.117818070580397,-0.4127772755568378,10.974258553840782,-0.2939790112590089,-0.0018941217418737,-0.1488132076152162,-0.0792644977211902,-0.0413634759213401,-0.7393105042761985,-0.236996945252531,-0.2579520169878715,-0.0565446745781329,0.3252029935373981,0.0433220444535871,1.5994905608463683,-1.2218368214473745,-0.9942357848313744,0.1545184979091401,0.5194633767124699,-0.1816200034232387,0.0498522572647692,-0.1402804056532899,-0.6806304321144269,-0.5466178546541006,-0.6867329022760543,-0.0988895579629661,-0.739541105824502,-1.2336056441160312,0.300667697377291,-0.3578764752036449,-0.3653057288923994,0.1413101674301414,-0.1769165197871338,-0.9504065946696284,0.6136184576218459,0.1175720445851969,0.6642790366957264,0.0346097768859347,5.243930314713252,5.164635338858133,0.8046248315006452,0.0434751460270563,5.507873258373948,-0.0958238623710134,-0.0148721745650129,-1.3947167458149143,-0.0533049460452879,0.0144916508041407,0.0826763988844248,0.57567883,-0.0175043073230545,1.7131878229546855,-0.2651865461624885,0.0828125830385021,0.2963006597365718,0.8357700327168405,-1.1408278789356825,-0.5546581468125812,-1.0117597152985571,-0.1729817566868529,-1.0580959411958155,-0.5347960484862927,-1.410071061074701,0.0995607724190597,0.1164563535290726,1.4314913358936314,-0.0110753067837789,0.5412227697027044,0.6515056541903376,1.159637705410855,0.832749357740124,-0.8365107641072618,0.294994816720708,0.3657720661666113,-0.1126207200842272,-0.0819766902164583,-0.1749583914511831,-1.1117142361584078,-0.7815829105868789,-0.376422372980198,-0.7438871923453823,1.7666540893583302,-0.2865352407826698,-0.6254315030377551,0.2264515011085864,-0.2633375414658256,-0.7680523116938517,1.9656353154406965,0.4202973285912654,1.0640236018171645,1.2447178025324224,-0.5268669301534139,0.0944759509503156,-0.8375133500460887,-0.2188327673867075,-0.2952366569098531,0.0402352688596373,-0.4458924925592482,1,1
-0.2775969898454927,0.6526462820784152,-0.1848642434204729,-0.7942667402921402,-0.0508306861015441,0.3582052517348758,0.5396820211893691,1.0208657338710083,-0.0655367371628487,0.1600735038041497,0.4947112340260379,-0.0683802466322068,4.616142915772543,-4.401263595042892,1.3274328895486307,0.2271846637544043,-4.220532816846545,-5.566399122064398,-0.2278828498094501,-1.033086328186571,-0.3177919944116692,-0.286599858799012,-0.2241407271979891,-0.3634230309443048,-0.172606603762378,-1.258050187764801,-4.712217510926603,-0.0368618884029017,-2.2462084982757786,0.8904406398422511,1.703889418798803,1.6797550982676854,-2.0984872461117603,-0.8568410379213308,-1.1803453170140636,-0.4064600932032883,-0.8893600140334765,-0.7288752848071022,1.354941922439096,2.6171589701706743,1.6186399118582322,0.6778341173370483,-0.9735614994634824,-0.862974270683447,-1.6872723594401036,-1.4389364994947835,-0.0278086805078641,-0.0514509487578561,-0.6719311800989919,-0.1572750843701639,0.245603248677936,-0.0252699347859634,0.073894080907039,-1.4128283147431229,-0.90149886856195,0.0023917023214346,-0.2863428930051359,-2.256711687854837,-0.0133435931571718,-0.8454776967895296,-0.8324897429734326,-0.9230610802879698,-0.7436902597059207,-0.8535633457581387,1.093793900536481,0.405580033286083,-0.0130157621643553,-1.6744741196116235,-0.4173865741525886,-0.5037270073963394,0.6064174897738341,0.4514412676048178,-0.365251639125663,-0.1353725012594339,-0.2314185503544082,0.8793864072886773,-0.1231963079709855,1.073721409835558,-0.0411030458310029,4.85941420804504,4.156214698562745,-0.0231368450333354,-0.6135003764569075,6.406776016366907,6.814159200905839,-0.5261810088456451,-0.3729059977441069,-1.4841988539369353,2.5295484564034303,1.6315328104615667,-0.2429813938760297,-0.8650931566067872,-0.9977541380196724,0.5814953276753463,-0.4892617959584783,-0.4404669810976506,-0.6020668924517873,0.117818070580397,-0.4127772755568378,10.974258553840782,-0.2939790112590089,-0.0018941217418737,-0.1488132076152162,-0.0792644977211902,-0.0413634759213401,-0.7393105042761985,-0.236996945252531,-0.2579520169878715,-0.0565446745781329,0.3252029935373981,0.0433220444535871,1.5994905608463683,-1.2218368214473745,-0.9942357848313744,0.1545184979091401,0.5194633767124699,-0.1816200034232387,0.0498522572647692,-0.1402804056532899,-0.6806304321144269,-0.5466178546541006,-0.6867329022760543,-0.0988895579629661,-0.739541105824502,-1.2336056441160312,0.300667697377291,-0.3578764752036449,-0.3653057288923994,0.1413101674301414,-0.1769165197871338,-0.9504065946696284,0.6136184576218459,0.1175720445851969,0.6642790366957264,0.0346097768859347,5.243930314713252,5.164635338858133,0.8046248315006452,0.0434751460270563,5.507873258373948,-0.0958238623710134,-0.0148721745650129,-1.3947167458149143,-0.0533049460452879,0.0144916508041407,8.31815457,-0.9087553874833728,-0.0175043073230545,1.7131878229546855,-0.2651865461624885,0.0828125830385021,0.2963006597365718,0.8357700327168405,-1.1408278789356825,-0.5546581468125812,-1.0117597152985571,-0.1729817566868529,-1.0580959411958155,-0.5347960484862927,-1.410071061074701,0.0995607724190597,0.1164563535290726,1.4314913358936314,-0.0110753067837789,0.5412227697027044,0.6515056541903376,1.159637705410855,0.832749357740124,-0.8365107641072618,0.294994816720708,0.3657720661666113,-0.1126207200842272,-0.0819766902164583,-0.1749583914511831,-1.1117142361584078,-0.7815829105868789,-0.376422372980198,-0.7438871923453823,1.7666540893583302,-0.2865352407826698,-0.6254315030377551,0.2264515011085864,-0.2633375414658256,-0.7680523116938517,1.9656353154406965,0.4202973285912654,1.0640236018171645,1.2447178025324224,-0.5268669301534139,0.0944759509503156,-0.8375133500460887,-0.2188327673867075,-0.2952366569098531,0.0402352688596373,-0.4458924925592482,1,2
-0.2775969898454927,0.6526462820784152,-0.1848642434204729,-0.7942667402921402,-0.0508306861015441,0.3582052517348758,0.5396820211893691,1.0208657338710083,-0.0655367371628487,0.1600735038041497,0.4947112340260379,-0.0683802466322068,4.616142915772543,-4.401263595042892,1.3274328895486307,0.2271846637544043,-4.220532816846545,-5.566399122064398,-0.2278828498094501,-1.033086328186571,-0.3177919944116692,-0.286599858799012,-0.2241407271979891,-0.3634230309443048,-0.172606603762378,-1.258050187764801,-4.712217510926603,-0.0368618884029017,-2.2462084982757786,0.8904406398422511,1.703889418798803,1.6797550982676854,-2.0984872461117603,-0.8568410379213308,-1.1803453170140636,-0.4064600932032883,-0.8893600140334765,-0.7288752848071022,1.354941922439096,2.6171589701706743,1.6186399118582322,0.6778341173370483,-0.9735614994634824,-0.862974270683447,-1.6872723594401036,-1.4389364994947835,-0.0278086805078641,-0.0514509487578561,-0.6719311800989919,-0.1572750843701639,0.245603248677936,-0.0252699347859634,0.073894080907039,-1.4128283147431229,-0.90149886856195,0.0023917023214346,-0.2863428930051359,-2.256711687854837,-0.0133435931571718,-0.8454776967895296,-0.8324897429734326,-0.9230610802879698,-0.7436902597059207,-0.8535633457581387,1.093793900536481,0.405580033286083,-0.0130157621643553,-1.6744741196116235,-0.4173865741525886,-0.5037270073963394,0.6064174897738341,0.4514412676048178,-0.365251639125663,-0.1353725012594339,-0.2314185503544082,0.8793864072886773,-0.1231963079709855,1.073721409835558,-0.0411030458310029,4.85941420804504,4.156214698562745,-0.0231368450333354,-0.6135003764569075,6.406776016366907,6.814159200905839,-0.5261810088456451,-0.3729059977441069,-1.4841988539369353,2.5295484564034303,1.6315328104615667,-0.2429813938760297,-0.8650931566067872,-0.9977541380196724,0.5814953276753463,-0.4892617959584783,-0.4404669810976506,-0.6020668924517873,0.117818070580397,-0.4127772755568378,10.974258553840782,-0.2939790112590089,-0.0018941217418737,-0.1488132076152162,-0.0792644977211902,-0.0413634759213401,-0.7393105042761985,-0.236996945252531,-0.2579520169878715,-0.0565446745781329,0.3252029935373981,0.0433220444535871,1.5994905608463683,-1.2218368214473745,-0.9942357848313744,0.1545184979091401,0.5194633767124699,-0.1816200034232387,0.0498522572647692,-0.1402804056532899,-0.6806304321144269,-0.5466178546541006,-0.6867329022760543,-0.0988895579629661,-0.739541105824502,-1.2336056441160312,0.300667697377291,-0.3578764752036449,-0.3653057288923994,0.1413101674301414,-0.1769165197871338,-0.9504065946696284,0.6136184576218459,0.1175720445851969,0.6642790366957264,0.0346097768859347,5.243930314713252,5.164635338858133,0.8046248315006452,0.0434751460270563,5.507873258373948,-0.0958238623710134,-0.0148721745650129,-1.3947167458149143,-0.0533049460452879,0.0144916508041407,0.0826763988844248,-0.9087553874833728,-0.0175043073230545,1.7131878229546855,-0.2651865461624885,0.0828125830385021,0.2963006597365718,0.8357700327168405,-1.1408278789356825,-0.5546581468125812,-1.0117597152985571,0.42657316,-1.0580959411958155,-0.5347960484862927,-1.410071061074701,0.0995607724190597,0.1164563535290726,1.4314913358936314,-0.0110753067837789,0.5412227697027044,0.6515056541903376,1.159637705410855,0.832749357740124,-0.8365107641072618,6.30334527,0.3657720661666113,-0.1126207200842272,-0.0819766902164583,-0.1749583914511831,-1.1117142361584078,-0.7815829105868789,-0.376422372980198,-0.7438871923453823,1.7666540893583302,-0.2865352407826698,-0.6254315030377551,0.2264515011085864,-0.2633375414658256,-0.7680523116938517,1.9656353154406965,0.4202973285912654,1.0640236018171645,1.2447178025324224,-0.5268669301534139,0.0944759509503156,-0.8375133500460887,-0.2188327673867075,-0.2952366569098531,0.0402352688596373,-0.4458924925592482,1,3
-0.2775969898454927,0.6526462820784152,-0.1848642434204729,-0.7942667402921402,-0.0508306861015441,0.3582052517348758,0.5396820211893691,1.0208657338710083,-0.0655367371628487,0.1600735038041497,0.4947112340260379,-0.0683802466322068,4.616142915772543,-4.401263595042892,1.3274328895486307,0.2271846637544043,-4.220532816846545,-5.566399122064398,-0.2278828498094501,-1.033086328186571,-0.3177919944116692,-0.286599858799012,-0.2241407271979891,-0.3634230309443048,-0.172606603762378,-1.258050187764801,-4.712217510926603,-0.0368618884029017,-2.2462084982757786,0.8904406398422511,1.703889418798803,1.6797550982676854,-2.0984872461117603,-0.8568410379213308,-1.1803453170140636,-0.4064600932032883,-0.8893600140334765,-0.7288752848071022,1.354941922439096,2.6171589701706743,1.6186399118582322,0.6778341173370483,-0.9735614994634824,-0.862974270683447,-1.6872723594401036,-1.4389364994947835,-0.0278086805078641,-0.0514509487578561,-0.6719311800989919,-0.1572750843701639,0.245603248677936,-0.0252699347859634,0.073894080907039,-1.4128283147431229,-0.90149886856195,0.0023917023214346,-0.2863428930051359,-2.256711687854837,-0.0133435931571718,-0.8454776967895296,-0.8324897429734326,-0.9230610802879698,-0.7436902597059207,-0.8535633457581387,1.093793900536481,0.405580033286083,-0.0130157621643553,-1.6744741196116235,-0.4173865741525886,-0.5037270073963394,0.6064174897738341,0.4514412676048178,-0.365251639125663,-0.1353725012594339,-0.2314185503544082,0.8793864072886773,-0.1231963079709855,1.073721409835558,-0.0411030458310029,4.85941420804504,4.156214698562745,-0.0231368450333354,-0.6135003764569075,6.406776016366907,6.814159200905839,-0.5261810088456451,-0.3729059977441069,-1.4841988539369353,2.5295484564034303,1.6315328104615667,-0.2429813938760297,-0.8650931566067872,-0.9977541380196724,0.5814953276753463,-0.4892617959584783,-0.4404669810976506,-0.6020668924517873,0.117818070580397,-0.4127772755568378,10.974258553840782,-0.2939790112590089,-0.0018941217418737,-0.1488132076152162,-0.0792644977211902,-0.0413634759213401,-0.7393105042761985,-0.236996945252531,-0.2579520169878715,-0.0565446745781329,0.3252029935373981,0.0433220444535871,1.5994905608463683,-1.2218368214473745,-0.9942357848313744,0.1545184979091401,0.5194633767124699,-0.1816200034232387,0.0498522572647692,-0.1402804056532899,-0.6806304321144269,-0.5466178546541006,-0.6867329022760543,-0.0988895579629661,-0.739541105824502,-1.2336056441160312,0.300667697377291,-0.3578764752036449,-0.3653057288923994,0.1413101674301414,-0.1769165197871338,-0.9504065946696284,0.6136184576218459,0.1175720445851969,0.6642790366957264,0.0346097768859347,5.243930314713252,5.164635338858133,0.8046248315006452,0.0434751460270563,5.507873258373948,-0.0958238623710134,-0.0148721745650129,-1.3947167458149143,-0.0533049460452879,0.0144916508041407,0.0826763988844248,-0.9087553874833728,-0.0175043073230545,1.7131878229546855,-0.2651865461624885,0.0828125830385021,0.2963006597365718,0.8357700327168405,-1.1408278789356825,-0.5546581468125812,-1.0117597152985571,-0.1729817566868529,-1.0580959411958155,-0.5347960484862927,-1.410071061074701,0.0995607724190597,0.1164563535290726,1.4314913358936314,-0.0110753067837789,0.5412227697027044,0.6515056541903376,1.159637705410855,0.832749357740124,-0.8365107641072618,4.19525844,0.3657720661666113,-0.1126207200842272,-0.0819766902164583,-0.1749583914511831,-1.1117142361584078,-0.7815829105868789,-0.376422372980198,-0.7438871923453823,1.7666540893583302,-0.2865352407826698,-0.6254315030377551,0.2264515011085864,-0.2633375414658256,-0.7680523116938517,1.9656353154406965,0.4202973285912654,1.0640236018171645,1.2447178025324224,-0.5268669301534139,0.0944759509503156,-0.8375133500460887,-0.2188327673867075,-0.2952366569098531,0.0402352688596373,-0.4458924925592482,1,4
-3.059500603,-0.3590423741254769,-0.3025119161322633,-0.6548839265437152,-0.0502512169594995,0.3716247121948253,-0.0853888638434938,-0.4955549436147632,-1.018200507085726,0.1084656591621076,-0.1930557785891958,-0.0702218341077867,4.804970975035364,-4.043900848802535,1.3524539133615667,0.2759790993100702,-4.3163328895358095,-5.525199327500991,-1.9501769395420647,1.0352305557917718,-0.3564923322020121,0.1316176459846773,-0.149863039895412,-0.3414240437453904,-0.1510763533480297,1.5579034840080437,3.4005232891794748,-0.0049696320959999,-2.255830211689469,0.7490946182295172,-0.2346762896795542,-0.554333966700703,2.310657958247786,1.8188074330507444,-0.6168307853391218,-0.8204503111207865,1.4994238255082093,0.7195742775814765,0.7325781550458462,0.905250662985935,0.4036433527925808,-2.367412324712812,1.1528893623795875,-0.0357377860464701,1.5914056459449095,1.7106870896112665,0.8490142793921684,-0.0516484611211449,0.0062191240181859,1.299890546515043,-0.3406645260376761,-0.0252699347859634,-2.1694684008268235,-0.0471321523268622,0.1541031928750615,-0.112630216993801,0.0865250724871593,0.698039556956682,-0.1139743892626279,0.939421489056801,-0.3087624716204808,0.0031326270893916,0.310936561071629,-0.6844385793862025,0.6465588130267071,0.6410257398186432,0.4923347290145223,0.3632931042732104,1.8190391260515864,-0.4514954821130125,0.4428174072722637,0.4149872980074484,1.042720682147305,1.368510985935581,0.4134883877246172,-0.986933886803924,-0.2546748205269794,0.3256517374759642,-0.1841415996820018,4.681232836787894,4.636822039183756,-0.0186509549110542,-0.5634100971264138,6.193441450176298,6.90495373041922,0.3677106226169804,-0.3729059977441069,-1.6561518108700612,-1.6307780911274905,-0.8510873870827876,2.427385275953539,-2.0888324474483264,-0.614269380378868,0.0984872344452482,-0.7575678447582379,0.1996983759376837,-0.2053601948785967,-0.5690385685773763,0.2620729363924152,-0.52466934970971,-0.0484630472490144,0.2668959972255039,0.8874058806440211,-0.3516626596679384,-0.2236317707868491,0.0167838547579292,0.1448081925500325,-0.5475733084408997,-0.0563999529563247,0.9209186844826518,-0.2699927860476682,-0.0433594268276984,0.9756603840494136,-0.2957915144487556,0.4943258397067778,0.6743098990292075,-0.1259239450653627,0.2539731182763122,0.2320344883808192,-0.5928527301115973,1.03486263769337,-1.807082789521946,0.1770178876939739,-0.1019720724727292,0.8363649556435394,2.132819759189826,0.4165299843818934,0.8006456553814691,-0.274787498777298,1.426878232196939,-0.9504065946696284,0.1227468676369739,-0.9271658019508076,0.0172282829529514,-0.0254989994370968,5.318578150491061,5.26382629508663,0.8406830897241047,0.0641502324055245,5.5642257563087645,-0.5528027198955872,-0.5569292309400238,-0.2465283442929591,-0.9908445130958662,-0.8624724822538535,-0.3676460243268811,-0.6746557542372611,-0.5005863868724395,-0.5014350945378713,-0.5158609279961873,-0.2570771991275741,1.0960513485726031,0.0417030102418629,-0.1273940341179003,0.8304788117635055,1.7005952219632514,-0.3270111914747124,1.2017416796276117,-0.4750989154781148,-0.866857511750655,-0.7960723758385108,-0.0798844231510823,-0.419094792544404,-0.1292197900816288,-0.2016033398986639,-0.8098055913867858,-0.7455616041887352,1.6496850473945686,1.7690922450275797,0.0665299657136424,-0.1357587885197652,-0.1126207200842272,-0.0021938886747744,0.3217861173663354,1.1268323612076552,-0.9419913675402996,-0.376422372980198,0.4704208125643884,1.7186610063599552,-0.6837776841006319,0.6742084454134921,1.4353324682027906,0.3320124153159532,0.9685067023082282,0.1893722029362496,0.1664182958015425,0.7274923917687315,1.6666028324394884,-1.4806577885408494,0.1937777102028539,1.2757563990411884,-0.2223087751037312,0.3827053547820405,0.9675632192261414,0.9873346561209612,97,0
1.725505629,-0.3590423741254769,-0.3025119161322633,-0.6548839265437152,-0.0502512169594995,0.3716247121948253,-0.0853888638434938,-0.4955549436147632,-1.018200507085726,0.1084656591621076,-0.1930557785891958,-0.0702218341077867,4.804970975035364,-4.043900848802535,1.3524539133615667,0.2759790993100702,-4.3163328895358095,-5.525199327500991,-1.9501769395420647,1.0352305557917718,-0.3564923322020121,0.1316176459846773,-0.149863039895412,-0.3414240437453904,-0.1510763533480297,1.5579034840080437,3.4005232891794748,-0.0049696320959999,-2.255830211689469,0.7490946182295172,-0.2346762896795542,-0.554333966700703,2.310657958247786,1.8188074330507444,-0.6168307853391218,-0.8204503111207865,1.4994238255082093,0.7195742775814765,0.7325781550458462,0.905250662985935,0.4036433527925808,-2.367412324712812,1.1528893623795875,-0.0357377860464701,1.5914056459449095,1.7106870896112665,0.8490142793921684,-0.0516484611211449,0.0062191240181859,1.299890546515043,-0.3406645260376761,-0.0252699347859634,-2.1694684008268235,-0.0471321523268622,0.1541031928750615,-0.112630216993801,0.0865250724871593,0.698039556956682,-0.1139743892626279,0.939421489056801,-0.3087624716204808,0.0031326270893916,0.310936561071629,-0.6844385793862025,0.6465588130267071,0.6410257398186432,0.4923347290145223,0.3632931042732104,1.8190391260515864,-0.4514954821130125,0.4428174072722637,0.4149872980074484,1.042720682147305,1.368510985935581,0.4134883877246172,-0.986933886803924,-0.2546748205269794,0.3256517374759642,-0.1841415996820018,4.681232836787894,4.636822039183756,-0.0186509549110542,-0.5634100971264138,6.193441450176298,6.90495373041922,0.3677106226169804,-0.3729059977441069,-1.6561518108700612,-1.6307780911274905,-0.8510873870827876,2.427385275953539,-2.0888324474483264,-0.614269380378868,0.0984872344452482,-0.7575678447582379,0.1996983759376837,-0.2053601948785967,-0.5690385685773763,0.2620729363924152,-0.52466934970971,-0.0484630472490144,0.2668959972255039,0.8874058806440211,-0.3516626596679384,-0.2236317707868491,0.0167838547579292,0.1448081925500325,-0.5475733084408997,-0.0563999529563247,0.9209186844826518,-0.2699927860476682,-0.0433594268276984,0.9756603840494136,-0.2957915144487556,0.4943258397067778,0.6743098990292075,-0.1259239450653627,0.2539731182763122,0.2320344883808192,-0.5928527301115973,1.03486263769337,-1.807082789521946,0.1770178876939739,-0.1019720724727292,0.8363649556435394,2.132819759189826,0.4165299843818934,0.8006456553814691,-0.274787498777298,1.426878232196939,-0.9504065946696284,0.1227468676369739,-0.9271658019508076,0.0172282829529514,-0.0254989994370968,5.318578150491061,5.26382629508663,0.8406830897241047,0.0641502324055245,5.5642257563087645,-0.5528027198955872,-0.5569292309400238,-0.2465283442929591,-0.9908445130958662,-0.8624724822538535,-0.3676460243268811,-0.6746557542372611,-0.5005863868724395,-0.5014350945378713,-0.5158609279961873,-0.2570771991275741,1.0960513485726031,0.0417030102418629,-0.1273940341179003,0.8304788117635055,1.7005952219632514,-0.3270111914747124,1.2017416796276117,-0.4750989154781148,-0.866857511750655,-0.7960723758385108,-0.0798844231510823,-0.419094792544404,-0.1292197900816288,-0.2016033398986639,-0.8098055913867858,-0.7455616041887352,1.6496850473945686,1.7690922450275797,0.0665299657136424,-0.1357587885197652,-0.1126207200842272,-0.0021938886747744,0.3217861173663354,1.1268323612076552,-0.9419913675402996,-0.376422372980198,0.4704208125643884,1.7186610063599552,-0.6837776841006319,0.6742084454134921,1.4353324682027906,0.3320124153159532,0.9685067023082282,0.1893722029362496,0.1664182958015425,-0.078981,1.6666028324394884,-1.4806577885408494,0.1937777102028539,1.2757563990411884,-0.2223087751037312,0.3827053547820405,0.9675632192261414,0.9873346561209612,97,1
-0.3000589908586838,-0.3590423741254769,-0.3025119161322633,-0.6548839265437152,-0.0502512169594995,0.3716247121948253,-0.0853888638434938,-0.4955549436147632,-1.018200507085726,0.1084656591621076,-0.1930557785891958,-0.0702218341077867,4.804970975035364,-4.043900848802535,1.3524539133615667,0.2759790993100702,-4.3163328895358095,-5.525199327500991,-1.9501769395420647,1.0352305557917718,-0.3564923322020121,0.1316176459846773,-0.149863039895412,-0.3414240437453904,-0.1510763533480297,1.5579034840080437,3.4005232891794748,-0.0049696320959999,-2.255830211689469,0.7490946182295172,-0.2346762896795542,-0.554333966700703,2.310657958247786,1.8188074330507444,-0.6168307853391218,-0.8204503111207865,1.4994238255082093,0.7195742775814765,0.7325781550458462,0.905250662985935,0.4036433527925808,-2.367412324712812,1.1528893623795875,-0.0357377860464701,1.5914056459449095,1.7106870896112665,0.8490142793921684,-0.0516484611211449,0.0062191240181859,1.299890546515043,-0.3406645260376761,-0.0252699347859634,-2.1694684008268235,-0.0471321523268622,0.1541031928750615,-0.112630216993801,0.0865250724871593,0.698039556956682,-0.1139743892626279,0.939421489056801,-0.3087624716204808,0.0031326270893916,0.310936561071629,-0.6844385793862025,0.6465588130267071,0.6410257398186432,-0.74157734,0.3632931042732104,1.8190391260515864,-0.4514954821130125,0.4428174072722637,0.4149872980074484,1.042720682147305,1.368510985935581,0.4134883877246172,-0.986933886803924,-0.2546748205269794,0.3256517374759642,-0.1841415996820018,4.681232836787894,4.636822039183756,-0.0186509549110542,-0.5634100971264138,6.193441450176298,6.90495373041922,0.3677106226169804,-0.3729059977441069,-1.6561518108700612,-1.6307780911274905,-0.8510873870827876,2.427385275953539,-2.0888324474483264,-0.614269380378868,0.0984872344452482,-0.7575678447582379,0.1996983759376837,-0.2053601948785967,-0.5690385685773763,0.2620729363924152,-0.52466934970971,-0.0484630472490144,0.2668959972255039,0.8874058806440211,-0.3516626596679384,-0.2236317707868491,0.0167838547579292,0.1448081925500325,-0.5475733084408997,-0.0563999529563247,0.9209186844826518,-0.2699927860476682,-0.0433594268276984,0.9756603840494136,-0.2957915144487556,0.4943258397067778,0.6743098990292075,-0.1259239450653627,0.2539731182763122,0.2320344883808192,-0.5928527301115973,1.03486263769337,-1.807082789521946,0.1770178876939739,-0.1019720724727292,0.8363649556435394,2.132819759189826,0.4165299843818934,0.8006456553814691,-0.274787498777298,1.426878232196939,-0.9504065946696284,0.1227468676369739,-0.9271658019508076,0.0172282829529514,-0.0254989994370968,5.318578150491061,5.26382629508663,0.8406830897241047,0.0641502324055245,5.5642257563087645,-0.5528027198955872,-0.5569292309400238,-0.2465283442929591,-0.9908445130958662,-0.8624724822538535,-0.3676460243268811,-0.6746557542372611,-0.5005863868724395,-0.5014350945378713,-0.5158609279961873,-0.2570771991275741,1.0960513485726031,0.0417030102418629,-0.1273940341179003,0.8304788117635055,1.7005952219632514,-0.3270111914747124,1.2017416796276117,-0.4750989154781148,-0.866857511750655,-0.7960723758385108,-0.0798844231510823,-0.419094792544404,-0.1292197900816288,-0.2016033398986639,-0.8098055913867858,-0.7455616041887352,1.6496850473945686,1.7690922450275797,0.0665299657136424,-0.1357587885197652,-0.1126207200842272,-0.0021938886747744,0.3217861173663354,1.1268323612076552,-0.9419913675402996,-0.376422372980198,0.4704208125643884,1.7186610063599552,-0.6837776841006319,0.6742084454134921,1.4353324682027906,0.3320124153159532,0.9685067023082282,0.1893722029362496,0.1664182958015425,0.7274923917687315,1.6666028324394884,-1.4806577885408494,0.1937777102028539,1.2757563990411884,-0.2223087751037312,0.3827053547820405,0.9675632192261414,0.9873346561209612,97,2
-0.3000589908586838,-0.3590423741254769,-0.3025119161322633,-0.6548839265437152,-0.0502512169594995,0.3716247121948253,-0.0853888638434938,-0.4955549436147632,-1.018200507085726,0.1084656591621076,-0.1930557785891958,-0.0702218341077867,5.399972,-4.043900848802535,1.3524539133615667,0.2759790993100702,-4.3163328895358095,-5.525199327500991,-1.9501769395420647,1.0352305557917718,-0.3564923322020121,0.1316176459846773,-0.149863039895412,-0.3414240437453904,-0.1510763533480297,1.5579034840080437,3.4005232891794748,-0.0049696320959999,-2.255830211689469,0.7490946182295172,-0.2346762896795542,-0.554333966700703,2.310657958247786,1.8188074330507444,-0.6168307853391218,-0.8204503111207865,1.4994238255082093,0.7195742775814765,0.7325781550458462,0.905250662985935,0.4036433527925808,-2.367412324712812,1.1528893623795875,-0.0357377860464701,1.5914056459449095,1.7106870896112665,0.8490142793921684,-0.0516484611211449,0.0062191240181859,1.299890546515043,-0.3406645260376761,-0.0252699347859634,-2.1694684008268235,-0.0471321523268622,0.1541031928750615,-0.112630216993801,0.0865250724871593,0.698039556956682,-0.1139743892626279,0.939421489056801,-0.3087624716204808,0.0031326270893916,0.310936561071629,-0.6844385793862025,0.6465588130267071,0.6410257398186432,0.4923347290145223,0.3632931042732104,1.8190391260515864,-0.4514954821130125,0.4428174072722637,0.4149872980074484,1.042720682147305,1.368510985935581,0.4134883877246172,-0.986933886803924,-0.2546748205269794,0.3256517374759642,-0.1841415996820018,4.681232836787894,4.636822039183756,-0.0186509549110542,-0.5634100971264138,6.193441450176298,6.90495373041922,0.3677106226169804,-0.3729059977441069,-1.6561518108700612,-1.6307780911274905,-0.8510873870827876,2.427385275953539,-2.0888324474483264,-0.614269380378868,0.0984872344452482,-0.7575678447582379,0.1996983759376837,-0.2053601948785967,-0.5690385685773763,0.2620729363924152,-0.52466934970971,-0.0484630472490144,0.2668959972255039,0.8874058806440211,-0.3516626596679384,-0.2236317707868491,0.0167838547579292,0.1448081925500325,-0.5475733084408997,-0.0563999529563247,0.9209186844826518,-0.2699927860476682,-0.0433594268276984,0.9756603840494136,-0.2957915144487556,0.4943258397067778,0.6743098990292075,-0.1259239450653627,0.2539731182763122,0.2320344883808192,-0.5928527301115973,1.03486263769337,-1.807082789521946,0.1770178876939739,-0.1019720724727292,0.8363649556435394,2.132819759189826,0.4165299843818934,0.8006456553814691,-0.274787498777298,1.426878232196939,-0.9504065946696284,0.1227468676369739,-0.9271658019508076,0.0172282829529514,-0.0254989994370968,5.318578150491061,5.26382629508663,0.8406830897241047,0.0641502324055245,5.5642257563087645,-0.5528027198955872,-0.5569292309400238,-0.2465283442929591,-0.9908445130958662,-0.8624724822538535,2.76879532,-0.6746557542372611,-0.5005863868724395,-0.5014350945378713,-0.5158609279961873,-0.2570771991275741,1.0960513485726031,0.0417030102418629,-0.1273940341179003,0.8304788117635055,1.7005952219632514,-0.3270111914747124,1.2017416796276117,-0.4750989154781148,-0.866857511750655,-0.7960723758385108,-0.0798844231510823,-0.419094792544404,-0.1292197900816288,-0.2016033398986639,-0.8098055913867858,-0.7455616041887352,1.6496850473945686,1.7690922450275797,0.0665299657136424,-0.1357587885197652,-0.1126207200842272,-0.0021938886747744,0.3217861173663354,1.1268323612076552,-0.9419913675402996,-0.376422372980198,0.4704208125643884,1.7186610063599552,-0.6837776841006319,0.6742084454134921,1.4353324682027906,0.3320124153159532,0.9685067023082282,0.1893722029362496,0.1664182958015425,0.7274923917687315,1.6666028324394884,-1.4806577885408494,0.1937777102028539,1.2757563990411884,-0.2223087751037312,0.3827053547820405,0.9675632192261414,0.9873346561209612,97,3
-0.3000589908586838,-0.3590423741254769,-0.3025119161322633,-0.6548839265437152,-0.0502512169594995,0.3716247121948253,-0.0853888638434938,-0.4955549436147632,-1.018200507085726,0.1084656591621076,-0.1930557785891958,-0.0702218341077867,4.804970975035364,-4.043900848802535,1.3524539133615667,0.2759790993100702,-4.3163328895358095,-5.525199327500991,-1.9501769395420647,1.0352305557917718,-0.3564923322020121,0.1316176459846773,-0.149863039895412,-0.3414240437453904,-0.1510763533480297,1.5579034840080437,3.4005232891794748,-0.0049696320959999,-2.255830211689469,0.7490946182295172,-0.2346762896795542,-0.554333966700703,2.310657958247786,1.8188074330507444,-0.6168307853391218,-0.8204503111207865,1.4994238255082093,0.7195742775814765,0.7325781550458462,0.905250662985935,0.4036433527925808,-2.367412324712812,1.1528893623795875,-0.0357377860464701,1.5914056459449095,1.7106870896112665,0.8490142793921684,-0.0516484611211449,0.0062191240181859,1.299890546515043,-0.3406645260376761,-0.0252699347859634,-2.1694684008268235,-0.0471321523268622,0.1541031928750615,-0.112630216993801,0.0865250724871593,0.698039556956682,-0.1139743892626279,0.939421489056801,-0.3087624716204808,0.0031326270893916,0.310936561071629,-0.6844385793862025,0.6465588130267071,0.6410257398186432,1.42202221,0.3632931042732104,1.8190391260515864,-0.4514954821130125,0.4428174072722637,0.4149872980074484,1.042720682147305,1.368510985935581,0.4134883877246172,-0.986933886803924,-0.2546748205269794,0.3256517374759642,-0.1841415996820018,4.681232836787894,4.636822039183756,-0.0186509549110542,-0.5634100971264138,6.193441450176298,6.90495373041922,0.3677106226169804,-0.3729059977441069,-1.6561518108700612,-1.6307780911274905,-0.8510873870827876,2.427385275953539,-2.0888324474483264,-0.614269380378868,0.0984872344452482,-0.7575678447582379,0.1996983759376837,-0.2053601948785967,-0.5690385685773763,0.2620729363924152,-0.52466934970971,-0.0484630472490144,0.2668959972255039,0.8874058806440211,-0.3516626596679384,-0.2236317707868491,0.0167838547579292,0.1448081925500325,-0.5475733084408997,-0.0563999529563247,0.9209186844826518,-0.2699927860476682,-0.0433594268276984,0.9756603840494136,-0.2957915144487556,0.4943258397067778,0.6743098990292075,-0.1259239450653627,0.2539731182763122,0.2320344883808192,-0.5928527301115973,1.03486263769337,-1.807082789521946,0.1770178876939739,-0.1019720724727292,0.8363649556435394,2.132819759189826,0.4165299843818934,0.8006456553814691,-0.274787498777298,1.426878232196939,-0.9504065946696284,0.1227468676369739,-0.9271658019508076,0.0172282829529514,-0.0254989994370968,5.318578150491061,5.26382629508663,0.8406830897241047,0.0641502324055245,5.5642257563087645,-0.5528027198955872,-0.5569292309400238,-0.2465283442929591,-0.9908445130958662,-0.8624724822538535,-0.3676460243268811,-0.77633285,-0.5005863868724395,-0.5014350945378713,-0.5158609279961873,-0.2570771991275741,1.0960513485726031,0.0417030102418629,-0.1273940341179003,0.8304788117635055,1.7005952219632514,-0.3270111914747124,1.2017416796276117,-0.4750989154781148,-0.866857511750655,-0.7960723758385108,-0.0798844231510823,-0.419094792544404,-0.1292197900816288,-0.2016033398986639,-0.8098055913867858,-0.7455616041887352,1.6496850473945686,1.7690922450275797,0.0665299657136424,-0.1357587885197652,-0.1126207200842272,-0.0021938886747744,0.3217861173663354,1.1268323612076552,-0.9419913675402996,-0.376422372980198,0.4704208125643884,1.7186610063599552,-0.6837776841006319,0.6742084454134921,1.4353324682027906,0.3320124153159532,0.9685067023082282,0.1893722029362496,0.1664182958015425,0.7274923917687315,1.6666028324394884,-1.4806577885408494,0.1937777102028539,1.2757563990411884,-0.2223087751037312,0.3827053547820405,0.9675632192261414,0.9873346561209612,97,4
-0.6900810084513461,1.2189625103848107,0.1487948384325163,0.8921877071654354,-0.0473823989608847,-0.1102354100351608,-0.1798823976656307,-1.596297194845404,-0.3765754984432538,0.2012264904920727,-0.3839081543350668,0.8100569792175603,0.619615006089479,-0.018912382261252,2.201899540634068,-0.5029214753285186,0.4933942893046029,0.2612589986800732,-0.0190270372656006,-0.3798949570118825,-0.4724063874194664,0.5483044845761296,-0.0978388881674556,-0.2779654268254569,-0.2545303724870247,0.1050174675868924,0.4415376534929559,-0.3905558698064735,0.42026112341397,0.1533915966290231,-0.1236489068560318,-0.8950496992291564,0.3458153527371695,0.1299588572504512,0.5233891612428543,-0.9925665562235728,-0.2947657801442138,0.2693932558938174,-0.9789222052855902,0.5864092919668609,-0.3001974606033719,1.0081733506341244,-0.989404012520769,1.1795672191882207,2.2020564535726748,1.6766909021995218,-0.9013635808736205,-0.0510197460241413,-0.3369452578282111,-1.2353429346236051,-1.6409370485330614,-0.0252699347859634,-0.0036370226607461,-0.2339271258674961,1.1159887371214436,-0.066530162030155,0.0858211052772934,3.421798326350491,0.0636257006144756,-0.076152348877404,-1.2430386633136703,-0.3673448558615628,0.310936561071629,-0.6533310642184254,0.1874502276184433,0.4739352384084398,0.4534679351401143,1.2291140742409103,-0.8324660037262596,-0.6604215832463202,-0.596414934982029,-0.9779380666078424,-0.4547677521989656,-0.8238375791963719,-0.3671884320552559,-1.3090540368516792,-0.080371324515017,-0.2826577347465501,0.0304162310944965,0.5219705420139497,-0.2127846406333355,1.5981582849511238,-0.3693102647207507,-0.3624938723735567,-0.1522574272117558,-0.5261810088456451,-0.6892804961009101,-0.0580007993739484,0.7331160217203823,0.353232875066241,-0.4127530497062538,0.5218113730136242,0.1348636345473548,-0.4998660750786046,0.6609558425949928,-0.1453552916841985,0.4043153613917804,-0.0971878147735588,1.1637166942682045,-0.0380495221845404,-0.1434809138398954,0.3400297045063808,-0.2867272589302945,-0.2565975293241069,0.2205029983474614,-0.2758344815955384,0.2203602237689991,0.3908547762315163,-0.0566729021915733,0.2444427030739745,-0.0494695506857242,-1.7329520978731074,0.3068531696624941,2.388464798784097,-0.5147719420096623,0.0629194344843809,0.3553897532810594,-0.938939231327601,-1.4931637688510977,-0.8502592612124095,-0.447181881812868,-0.0729717365143423,0.0095893684948911,-0.3112702710600802,0.7215390003345372,-1.0733086022118226,0.2343010831910777,0.1295575590902281,-0.7584532048785236,-1.1141374331463876,0.2913327297495477,0.2381728913973378,-0.6460839705298383,0.6805709580675525,-0.157545561336283,0.2292628567608907,-0.1726147587438983,-0.7877342165865716,-0.3114632035212419,-0.2140753946081046,-0.5432857507525599,-0.071612056409179,0.1419187894318799,0.996460546875286,0.6990770048567501,0.49982039,-0.6447391165969371,-0.2817692349845514,-1.0646166081146755,-0.8469330570600936,-0.1352754854072625,-0.4056863262580172,-0.7962587982358879,-1.1408278789356825,-0.2983973735169117,-1.0117597152985571,2.2185661735317304,0.0375344541115727,-0.5525602554054654,0.4398542193662805,-0.1445098785307483,-0.0136993743704284,-0.9182538881270907,19.14632560350841,-0.2519014565960003,-0.8098055913867858,-0.7455616041887352,-0.4900372830505632,-0.8365107641072618,7.10281428,-0.3093737192238949,-0.1126207200842272,-0.0942769407564398,-0.4597894302027603,0.4896481493035237,0.275800181406477,-0.376422372980198,-0.1537535916137269,0.3307529304612319,0.9394590092018454,0.2566690164941806,-0.7578286305692076,-0.2392017324071048,0.7722623177052248,-1.1581034784936968,-0.0765350254977929,-0.5214523129029898,-0.0578010276660921,1.70972693072934,0.0965509301472282,-2.1544890952618685,-0.2077046746587501,-0.7396832013919497,-0.3083621828523706,0.8139913526798465,105,0
-0.6900810084513461,1.2189625103848107,0.1487948384325163,0.8921877071654354,-0.0473823989608847,-0.1102354100351608,-0.1798823976656307,-1.596297194845404,-0.3765754984432538,0.2012264904920727,-0.3839081543350668,0.8100569792175603,0.619615006089479,-0.018912382261252,2.201899540634068,-0.5029214753285186,0.4933942893046029,0.2612589986800732,-0.0190270372656006,-0.3798949570118825,-0.4724063874194664,0.5483044845761296,-0.0978388881674556,-0.2779654268254569,-0.2545303724870247,0.1050174675868924,0.4415376534929559,-0.3905558698064735,0.42026112341397,0.1533915966290231,-0.1236489068560318,-0.8950496992291564,0.3458153527371695,0.1299588572504512,0.5233891612428543,-0.9925665562235728,-0.2947657801442138,0.2693932558938174,-0.9789222052855902,0.5864092919668609,-0.3001974606033719,1.0081733506341244,-0.989404012520769,1.1795672191882207,2.2020564535726748,1.6766909021995218,-0.9013635808736205,-0.0510197460241413,-0.3369452578282111,-1.2353429346236051,-1.6409370485330614,-0.0252699347859634,-0.0036370226607461,-0.2339271258674961,1.1159887371214436,-0.066530162030155,0.0858211052772934,3.421798326350491,0.0636257006144756,-0.076152348877404,-1.2430386633136703,-0.3673448558615628,0.310936561071629,-0.6533310642184254,0.1874502276184433,0.4739352384084398,0.4534679351401143,1.2291140742409103,-0.8324660037262596,-0.6604215832463202,-0.596414934982029,-0.9779380666078424,-0.4547677521989656,-0.8238375791963719,-0.3671884320552559,-1.3090540368516792,-0.080371324515017,-0.2826577347465501,0.0304162310944965,0.5219705420139497,-0.2127846406333355,1.5981582849511238,-0.3693102647207507,-0.3624938723735567,-0.1522574272117558,-0.5261810088456451,-0.6892804961009101,-0.0580007993739484,0.7331160217203823,0.353232875066241,-0.4127530497062538,0.5218113730136242,0.1348636345473548,-0.4998660750786046,0.6609558425949928,-0.1453552916841985,0.4043153613917804,-0.0971878147735588,1.1637166942682045,-0.0380495221845404,-0.1434809138398954,0.3400297045063808,-0.2867272589302945,-0.2565975293241069,0.2205029983474614,-0.2758344815955384,0.2203602237689991,0.3908547762315163,-0.0566729021915733,0.2444427030739745,-0.0494695506857242,-1.7329520978731074,0.3068531696624941,2.388464798784097,-0.5147719420096623,0.0629194344843809,0.3553897532810594,-0.938939231327601,-1.4931637688510977,-0.8502592612124095,-0.447181881812868,-0.0729717365143423,0.0095893684948911,-0.3112702710600802,0.7215390003345372,-1.0733086022118226,0.2343010831910777,0.1295575590902281,-0.7584532048785236,-1.1141374331463876,0.2913327297495477,0.2381728913973378,-0.6460839705298383,0.6805709580675525,-0.157545561336283,0.2292628567608907,-0.1726147587438983,-0.7877342165865716,-0.3114632035212419,-0.2140753946081046,-0.5432857507525599,-0.071612056409179,0.1419187894318799,0.996460546875286,0.6990770048567501,0.7642754863443871,-0.6447391165969371,-0.2817692349845514,-1.0646166081146755,-0.8469330570600936,-0.1352754854072625,-0.4056863262580172,-0.7962587982358879,-1.1408278789356825,-0.2983973735169117,-1.0117597152985571,2.2185661735317304,0.0375344541115727,-0.5525602554054654,0.4398542193662805,-0.1445098785307483,-0.0136993743704284,-0.9182538881270907,19.14632560350841,-0.2519014565960003,-0.8098055913867858,-0.7455616041887352,-0.4900372830505632,-0.8365107641072618,8.10975875,-0.3093737192238949,-0.1126207200842272,-0.0942769407564398,-0.4597894302027603,0.4896481493035237,0.275800181406477,-0.376422372980198,-0.1537535916137269,0.3307529304612319,0.9394590092018454,0.2566690164941806,-0.7578286305692076,-0.2392017324071048,0.7722623177052248,-1.1581034784936968,-0.0765350254977929,-0.5214523129029898,-0.0578010276660921,1.70972693072934,0.0965509301472282,-2.1544890952618685,-0.2077046746587501,-0.7396832013919497,-0.3083621828523706,0.8139913526798465,105,1
-0.6900810084513461,1.2189625103848107,0.1487948384325163,0.8921877071654354,-0.0473823989608847,-0.1102354100351608,-0.1798823976656307,-1.596297194845404,-0.3765754984432538,0.2012264904920727,-0.3839081543350668,0.8100569792175603,0.619615006089479,-0.018912382261252,2.201899540634068,-0.5029214753285186,0.4933942893046029,0.2612589986800732,-0.0190270372656006,-0.3798949570118825,-0.4724063874194664,0.5483044845761296,-0.0978388881674556,-0.2779654268254569,-0.2545303724870247,0.1050174675868924,0.4415376534929559,-0.3905558698064735,0.42026112341397,0.1533915966290231,-0.1236489068560318,-0.8950496992291564,0.3458153527371695,0.1299588572504512,0.5233891612428543,-0.9925665562235728,-0.2947657801442138,0.2693932558938174,-0.9789222052855902,0.5864092919668609,-0.3001974606033719,1.0081733506341244,-0.989404012520769,1.1795672191882207,2.2020564535726748,1.6766909021995218,-0.9013635808736205,-0.0510197460241413,-0.3369452578282111,-1.2353429346236051,-1.6409370485330614,-0.0252699347859634,-0.0036370226607461,-0.2339271258674961,1.1159887371214436,-0.066530162030155,0.0858211052772934,3.421798326350491,0.0636257006144756,-0.076152348877404,-1.2430386633136703,-0.3673448558615628,0.310936561071629,-0.6533310642184254,0.1874502276184433,0.4739352384084398,0.4534679351401143,1.2291140742409103,-0.8324660037262596,-0.6604215832463202,-0.596414934982029,-0.9779380666078424,-0.4547677521989656,-0.8238375791963719,-0.3671884320552559,-1.3090540368516792,-0.080371324515017,-0.2826577347465501,0.0304162310944965,0.5219705420139497,-0.2127846406333355,1.5981582849511238,-0.3693102647207507,-0.3624938723735567,-0.1522574272117558,-0.5261810088456451,-0.6892804961009101,-0.0580007993739484,0.7331160217203823,0.353232875066241,-0.4127530497062538,0.5218113730136242,0.1348636345473548,-0.4998660750786046,0.6609558425949928,-0.1453552916841985,0.4043153613917804,-0.0971878147735588,1.1637166942682045,-0.0380495221845404,-0.1434809138398954,0.3400297045063808,-0.2867272589302945,-0.2565975293241069,0.2205029983474614,-0.2758344815955384,0.2203602237689991,0.3908547762315163,-0.0566729021915733,0.2444427030739745,-0.0494695506857242,-1.7329520978731074,0.3068531696624941,2.388464798784097,-0.5147719420096623,0.0629194344843809,0.3553897532810594,-0.938939231327601,-1.4931637688510977,-0.8502592612124095,-0.447181881812868,-0.0729717365143423,0.0095893684948911,-0.3112702710600802,0.7215390003345372,-1.0733086022118226,0.2343010831910777,0.1295575590902281,-0.7584532048785236,-1.1141374331463876,0.2913327297495477,0.2381728913973378,-0.6460839705298383,3.460648774,-0.157545561336283,0.2292628567608907,-0.1726147587438983,-0.7877342165865716,-0.3114632035212419,-0.2140753946081046,-0.5432857507525599,-0.071612056409179,0.1419187894318799,0.996460546875286,0.6990770048567501,0.7642754863443871,-0.6447391165969371,-0.2817692349845514,-1.0646166081146755,-0.8469330570600936,-0.1352754854072625,-0.4056863262580172,-0.7962587982358879,-1.1408278789356825,-0.2983973735169117,-1.0117597152985571,2.2185661735317304,0.0375344541115727,-0.5525602554054654,0.4398542193662805,-0.1445098785307483,-0.0136993743704284,-0.9182538881270907,19.14632560350841,-0.2519014565960003,-0.8098055913867858,-0.7455616041887352,8.21550334,-0.8365107641072618,-0.2232404801007672,-0.3093737192238949,-0.1126207200842272,-0.0942769407564398,-0.4597894302027603,0.4896481493035237,0.275800181406477,-0.376422372980198,-0.1537535916137269,0.3307529304612319,0.9394590092018454,0.2566690164941806,-0.7578286305692076,-0.2392017324071048,0.7722623177052248,-1.1581034784936968,-0.0765350254977929,-0.5214523129029898,-0.0578010276660921,1.70972693072934,0.0965509301472282,-2.1544890952618685,-0.2077046746587501,-0.7396832013919497,-0.3083621828523706,0.8139913526798465,105,2
-0.6900810084513461,1.2189625103848107,0.1487948384325163,0.8921877071654354,-0.0473823989608847,-0.1102354100351608,-0.1798823976656307,-1.596297194845404,-0.3765754984432538,0.2012264904920727,-0.3839081543350668,0.8100569792175603,0.619615006089479,-0.018912382261252,2.201899540634068,-0.5029214753285186,0.4933942893046029,0.2612589986800732,-0.0190270372656006,-0.3798949570118825,-0.4724063874194664,0.5483044845761296,0.60731275,-0.2779654268254569,-0.2545303724870247,0.1050174675868924,0.4415376534929559,-0.3905558698064735,0.42026112341397,0.1533915966290231,-0.1236489068560318,-0.8950496992291564,0.3458153527371695,0.1299588572504512,0.5233891612428543,-0.9925665562235728,-0.2947657801442138,0.2693932558938174,-0.9789222052855902,0.5864092919668609,-0.3001974606033719,1.0081733506341244,-0.989404012520769,1.1795672191882207,2.2020564535726748,1.6766909021995218,-0.9013635808736205,-0.0510197460241413,-0.3369452578282111,-1.2353429346236051,-1.6409370485330614,-0.0252699347859634,-0.0036370226607461,-0.2339271258674961,1.1159887371214436,-0.066530162030155,0.0858211052772934,3.421798326350491,0.0636257006144756,-0.076152348877404,-1.2430386633136703,-0.3673448558615628,0.310936561071629,-0.6533310642184254,0.1874502276184433,0.4739352384084398,0.4534679351401143,1.2291140742409103,-0.8324660037262596,-0.6604215832463202,-0.596414934982029,-0.9779380666078424,-0.4547677521989656,-0.8238375791963719,-0.3671884320552559,-1.3090540368516792,-0.080371324515017,-0.2826577347465501,5.54997998,0.5219705420139497,-0.2127846406333355,1.5981582849511238,-0.3693102647207507,-0.3624938723735567,-0.1522574272117558,-0.5261810088456451,-0.6892804961009101,-0.0580007993739484,0.7331160217203823,0.353232875066241,-0.4127530497062538,0.5218113730136242,0.1348636345473548,-0.4998660750786046,0.6609558425949928,-0.1453552916841985,0.4043153613917804,-0.0971878147735588,1.1637166942682045,-0.0380495221845404,-0.1434809138398954,0.3400297045063808,-0.2867272589302945,-0.2565975293241069,0.2205029983474614,-0.2758344815955384,0.2203602237689991,0.3908547762315163,-0.0566729021915733,0.2444427030739745,-0.0494695506857242,-1.7329520978731074,0.3068531696624941,2.388464798784097,-0.5147719420096623,0.0629194344843809,0.3553897532810594,-0.938939231327601,-1.4931637688510977,-0.8502592612124095,-0.447181881812868,-0.0729717365143423,0.0095893684948911,-0.3112702710600802,0.7215390003345372,-1.0733086022118226,0.2343010831910777,0.1295575590902281,-0.7584532048785236,-1.1141374331463876,0.2913327297495477,0.2381728913973378,-0.6460839705298383,0.6805709580675525,-0.157545561336283,0.2292628567608907,-0.1726147587438983,-0.7877342165865716,-0.3114632035212419,-0.2140753946081046,-0.5432857507525599,-0.071612056409179,0.1419187894318799,0.996460546875286,0.6990770048567501,0.7642754863443871,-0.6447391165969371,-0.2817692349845514,-1.0646166081146755,-0.8469330570600936,-0.1352754854072625,-0.4056863262580172,-0.7962587982358879,-1.1408278789356825,-0.2983973735169117,-1.0117597152985571,2.2185661735317304,0.0375344541115727,-0.5525602554054654,0.4398542193662805,-0.1445098785307483,-0.0136993743704284,-0.9182538881270907,19.14632560350841,-0.2519014565960003,-0.8098055913867858,-0.7455616041887352,-0.4900372830505632,-0.8365107641072618,-0.2232404801007672,-0.3093737192238949,-0.1126207200842272,-0.0942769407564398,-0.4597894302027603,0.4896481493035237,0.275800181406477,-0.376422372980198,-0.1537535916137269,0.3307529304612319,0.9394590092018454,0.2566690164941806,-0.7578286305692076,-0.2392017324071048,0.7722623177052248,-1.1581034784936968,-0.0765350254977929,-0.5214523129029898,-0.0578010276660921,1.70972693072934,0.0965509301472282,-2.1544890952618685,-0.2077046746587501,-0.7396832013919497,-0.3083621828523706,0.8139913526798465,105,3
-0.6900810084513461,1.2189625103848107,0.1487948384325163,0.8921877071654354,-0.0473823989608847,-0.1102354100351608,-0.1798823976656307,-1.596297194845404,-0.3765754984432538,0.2012264904920727,-0.3839081543350668,0.8100569792175603,0.619615006089479,-0.018912382261252,2.201899540634068,-0.5029214753285186,0.4933942893046029,0.2612589986800732,-0.0190270372656006,-0.3798949570118825,-0.4724063874194664,0.5483044845761296,-0.0978388881674556,-0.2779654268254569,-0.2545303724870247,0.1050174675868924,0.4415376534929559,-0.3905558698064735,0.42026112341397,0.1533915966290231,-0.1236489068560318,-0.8950496992291564,0.3458153527371695,0.1299588572504512,0.5233891612428543,-0.9925665562235728,-0.2947657801442138,0.2693932558938174,-0.9789222052855902,0.5864092919668609,-0.3001974606033719,1.0081733506341244,-0.989404012520769,1.1795672191882207,2.2020564535726748,1.6766909021995218,-0.9013635808736205,-0.0510197460241413,-0.3369452578282111,-1.2353429346236051,-1.6409370485330614,-0.0252699347859634,-0.0036370226607461,-0.2339271258674961,1.1159887371214436,-0.066530162030155,0.0858211052772934,3.421798326350491,0.0636257006144756,-0.076152348877404,-1.2430386633136703,-0.3673448558615628,0.310936561071629,-0.6533310642184254,0.1874502276184433,0.4739352384084398,0.4534679351401143,1.2291140742409103,-0.8324660037262596,-0.6604215832463202,-0.596414934982029,-0.9779380666078424,-0.4547677521989656,-0.8238375791963719,-0.3671884320552559,-1.3090540368516792,-0.080371324515017,-0.2826577347465501,0.0304162310944965,0.5219705420139497,-0.2127846406333355,1.5981582849511238,-0.3693102647207507,-0.3624938723735567,-0.1522574272117558,-0.5261810088456451,-0.6892804961009101,-0.0580007993739484,0.7331160217203823,0.353232875066241,-0.4127530497062538,0.5218113730136242,0.1348636345473548,-0.4998660750786046,0.6609558425949928,-0.1453552916841985,0.4043153613917804,-0.0971878147735588,1.1637166942682045,-0.0380495221845404,-0.1434809138398954,0.3400297045063808,-0.2867272589302945,-0.2565975293241069,0.2205029983474614,-0.2758344815955384,0.2203602237689991,0.3908547762315163,-0.0566729021915733,0.2444427030739745,-0.0494695506857242,-1.7329520978731074,0.3068531696624941,2.388464798784097,-0.5147719420096623,0.0629194344843809,0.3553897532810594,-0.938939231327601,-1.4931637688510977,-0.8502592612124095,-0.447181881812868,-0.0729717365143423,0.0095893684948911,-0.3112702710600802,0.7215390003345372,-1.0733086022118226,0.2343010831910777,0.1295575590902281,-0.7584532048785236,-1.1141374331463876,0.2913327297495477,0.2381728913973378,-0.6460839705298383,0.6805709580675525,-0.157545561336283,0.2292628567608907,-0.1726147587438983,-0.7877342165865716,-0.3114632035212419,-0.2140753946081046,-0.5432857507525599,-0.071612056409179,0.1419187894318799,0.996460546875286,0.6990770048567501,0.7642754863443871,-0.6447391165969371,-0.2817692349845514,-1.0646166081146755,-0.8469330570600936,-0.1352754854072625,-0.4056863262580172,-0.7962587982358879,-1.1408278789356825,-0.2983973735169117,-1.0117597152985571,2.2185661735317304,0.0375344541115727,-0.5525602554054654,0.4398542193662805,-0.1445098785307483,-0.0136993743704284,-0.9182538881270907,19.14632560350841,-0.2519014565960003,-0.8098055913867858,-0.7455616041887352,-0.4900372830505632,-0.8365107641072618,4.38303936,-0.3093737192238949,-0.1126207200842272,-0.0942769407564398,-0.4597894302027603,0.4896481493035237,0.275800181406477,-0.376422372980198,-0.1537535916137269,0.3307529304612319,0.9394590092018454,0.2566690164941806,-0.7578286305692076,-0.2392017324071048,0.7722623177052248,-1.1581034784936968,-0.0765350254977929,-0.5214523129029898,-0.0578010276660921,1.70972693072934,0.0965509301472282,-2.1544890952618685,-0.2077046746587501,-0.7396832013919497,-0.3083621828523706,0.8139913526798465,105,4
2.837848456,0.621475199498803,0.7158562804384341,0.2461684633742191,-0.0531949202010861,1.647697800421878,-0.3767669736651206,-0.9186446906480864,0.2770849938961416,-0.1471160476365751,-0.3135221149871715,0.3045412171719385,0.8511589265386026,2.690947304869424,1.6974902055066188,-1.4298146074638407,0.2831976592275697,0.2586179862080602,-1.7316909711442834,0.1371230349452853,-0.618607663516319,-0.3534060316410828,0.1476198420168123,-0.2273677562679581,-0.0439303237589193,0.5024554901948198,-1.2488313263364386,2.0616042817905265,0.2709153978188589,-0.4841600960229754,-0.0315915105166673,-1.2986492078953955,2.169382349468864,1.7776154027657052,-0.5324091326537371,-1.349450099140374,1.240744541369717,0.7415681350365542,1.316044186977018,1.2829848263299255,0.6465196387643736,-2.4676808557908423,1.4413531851733872,-0.4552347877027504,0.8679622885871006,0.4243924209784934,1.59372657933284,-0.0501429997250537,-0.7501702008946622,1.3781224093437132,2.997661993406445,-0.0252699347859634,0.6166118058815354,-0.1844915641664557,-1.0551113048821463,-0.2956611282851087,0.4225520873298068,-0.3328649855817208,-0.163626524864017,0.1507825340841222,-1.3883951729476465,1.207184446679973,1.189792245052923,-2.071047129048716,1.477703665920977,1.1347022212578797,0.4146011412657063,1.1815600363453655,1.2134215385495275,-0.5037270073963394,-0.2283147493534958,-0.5711885111003471,0.814840768877692,0.4401677309495226,-0.0221066493989352,0.3302688360663298,0.1369832295262106,0.5361615972475945,-0.0858025939094401,0.9832057487538756,6.29456909813739,1.0556016796352234,-0.0437234490725416,0.269304650575553,-0.3668626787888381,0.7252672752020305,0.8925919956831061,1.140612459248136,0.6886341432528147,-0.3762411122925999,2.211633796669296,-1.5328620042018,-0.3913131259365396,0.0840690824085292,-0.7386854223386151,-0.2988133701791936,-0.2415509813238702,-0.087890262974469,0.8794067197059604,-0.4030143928284177,-0.302906864495736,0.1196787942575057,0.4457081757565406,-0.235878206044041,-0.0252131206800924,-0.7668048446047123,-0.0354265940847599,-0.4697440434368756,-0.056462027181365,-0.1454645057225545,-0.1714733146651894,-0.5017876690899554,-1.2933939783490551,0.1626675578114785,0.9352778682526868,0.8270164374606469,-1.980519559937328,-0.1852622060542116,-0.709370422504397,-0.6806304321144269,0.0310078361688005,-1.7741746604358106,-0.104594785259551,-0.6193185216303021,-0.8927484164194901,0.244210615171114,0.3757434688579668,-0.8977584757116084,-0.1683622813925296,0.0659380172595104,0.3763245990838775,-0.4218112450271373,1.3746969594539429,0.0533319852522452,-0.1121569844386227,0.4976375509197165,2.66782678144529,3.831396795060044,-0.4612625985858882,-0.0274398420300493,0.5757137879238794,0.8887953423578073,-0.9869914620380804,-0.438776604468314,-1.7111266946555372,0.1164276945755044,-0.8595944949061005,-0.3640460600900895,0.4987806544235103,-1.052933592117938,-0.2267317721748413,0.0222067874065646,-1.2828044273629973,-0.1256234461264941,-0.3540396300869953,3.1836193315228,-0.451237002182268,-0.5730829541248158,-0.6053120472937933,-1.410071061074701,1.0045323251989704,0.7663328424236197,0.8249000563645474,-0.1365083656543363,1.6943102909422787,0.4251328084630383,-0.7455616041887352,6.88007284,1.4590038035419934,0.4766983426982845,-0.1054634479795982,-0.1126207200842272,-0.0746930124457242,-0.1964274217235758,0.180919091348991,-0.5650635113558399,-0.376422372980198,-0.8195024196731736,1.4722100396115874,-0.1888110614360804,-0.4376680291971048,0.5369291265371524,-0.2633375414658256,-0.2313935751669787,-0.6602529501777653,-0.4198323812746107,-0.5187528646940454,-0.7541161255709586,0.7912116669372682,0.406060086058338,0.3660177699606025,-0.1882325407321086,-0.5504713572736657,0.2505403500368776,-0.5778885755663897,118,0
-0.106627683,0.621475199498803,0.7158562804384341,0.2461684633742191,-0.0531949202010861,1.647697800421878,-0.3767669736651206,-0.9186446906480864,0.2770849938961416,-0.1471160476365751,-0.3135221149871715,0.3045412171719385,0.8511589265386026,2.690947304869424,1.6974902055066188,-1.4298146074638407,0.2831976592275697,0.2586179862080602,-1.7316909711442834,0.1371230349452853,-0.618607663516319,-0.3534060316410828,0.1476198420168123,-0.2273677562679581,-0.0439303237589193,0.5024554901948198,-1.2488313263364386,2.0616042817905265,0.2709153978188589,-0.4841600960229754,-0.0315915105166673,-1.2986492078953955,2.169382349468864,1.7776154027657052,-0.5324091326537371,-1.349450099140374,1.240744541369717,0.7415681350365542,1.316044186977018,16.80502703,0.6465196387643736,-2.4676808557908423,1.4413531851733872,-0.4552347877027504,0.8679622885871006,0.4243924209784934,1.59372657933284,-0.0501429997250537,-0.7501702008946622,1.3781224093437132,2.997661993406445,-0.0252699347859634,0.6166118058815354,-0.1844915641664557,-1.0551113048821463,-0.2956611282851087,0.4225520873298068,-0.3328649855817208,-0.163626524864017,0.1507825340841222,-1.3883951729476465,1.207184446679973,1.189792245052923,-2.071047129048716,1.477703665920977,1.1347022212578797,0.4146011412657063,1.1815600363453655,1.2134215385495275,-0.5037270073963394,-0.2283147493534958,-0.5711885111003471,0.814840768877692,0.4401677309495226,-0.0221066493989352,0.3302688360663298,0.1369832295262106,0.5361615972475945,-0.0858025939094401,0.9832057487538756,6.29456909813739,1.0556016796352234,-0.0437234490725416,0.269304650575553,-0.3668626787888381,0.7252672752020305,0.8925919956831061,1.140612459248136,0.6886341432528147,-0.3762411122925999,2.211633796669296,-1.5328620042018,-0.3913131259365396,0.0840690824085292,-0.7386854223386151,-0.2988133701791936,-0.2415509813238702,-0.087890262974469,0.8794067197059604,-0.4030143928284177,-0.302906864495736,0.1196787942575057,0.4457081757565406,-0.235878206044041,-0.0252131206800924,-0.7668048446047123,-0.0354265940847599,-0.4697440434368756,-0.056462027181365,-0.1454645057225545,-0.1714733146651894,-0.5017876690899554,-1.2933939783490551,0.1626675578114785,0.9352778682526868,0.8270164374606469,-1.980519559937328,-0.1852622060542116,-0.709370422504397,-0.6806304321144269,0.0310078361688005,-1.7741746604358106,-0.104594785259551,-0.6193185216303021,-0.8927484164194901,0.244210615171114,0.3757434688579668,-0.8977584757116084,-0.1683622813925296,0.0659380172595104,0.3763245990838775,-0.4218112450271373,1.3746969594539429,0.0533319852522452,-0.1121569844386227,0.4976375509197165,2.66782678144529,3.831396795060044,-0.4612625985858882,-0.0274398420300493,0.5757137879238794,0.8887953423578073,-0.9869914620380804,-0.438776604468314,-1.7111266946555372,0.1164276945755044,-0.8595944949061005,-0.3640460600900895,0.4987806544235103,-1.052933592117938,-0.2267317721748413,0.0222067874065646,-1.2828044273629973,-0.1256234461264941,-0.3540396300869953,3.1836193315228,-0.451237002182268,-0.5730829541248158,-0.6053120472937933,-1.410071061074701,1.0045323251989704,0.7663328424236197,0.8249000563645474,-0.1365083656543363,1.6943102909422787,0.4251328084630383,-0.7455616041887352,0.5189426775515043,1.4590038035419934,0.4766983426982845,-0.1054634479795982,-0.1126207200842272,-0.0746930124457242,-0.1964274217235758,0.180919091348991,-0.5650635113558399,-0.376422372980198,-0.8195024196731736,1.4722100396115874,-0.1888110614360804,-0.4376680291971048,0.5369291265371524,-0.2633375414658256,-0.2313935751669787,-0.6602529501777653,-0.4198323812746107,-0.5187528646940454,-0.7541161255709586,0.7912116669372682,0.406060086058338,0.3660177699606025,-0.1882325407321086,-0.5504713572736657,0.2505403500368776,-0.5778885755663897,118,1
-0.7119984761066422,0.621475199498803,0.7158562804384341,0.2461684633742191,-0.0531949202010861,1.647697800421878,-0.3767669736651206,-0.9186446906480864,0.2770849938961416,-0.1471160476365751,-0.3135221149871715,0.3045412171719385,0.8511589265386026,2.690947304869424,1.6974902055066188,-1.4298146074638407,0.2831976592275697,0.2586179862080602,-1.7316909711442834,0.1371230349452853,-0.618607663516319,-0.3534060316410828,0.1476198420168123,-0.2273677562679581,-0.0439303237589193,0.5024554901948198,-1.2488313263364386,2.0616042817905265,0.2709153978188589,-0.4841600960229754,-0.0315915105166673,-1.2986492078953955,2.169382349468864,1.7776154027657052,-0.5324091326537371,-1.349450099140374,1.240744541369717,0.7415681350365542,1.316044186977018,1.2829848263299255,0.6465196387643736,-2.4676808557908423,1.4413531851733872,-0.4552347877027504,0.8679622885871006,0.4243924209784934,1.59372657933284,-0.0501429997250537,-0.7501702008946622,1.3781224093437132,2.997661993406445,-0.0252699347859634,0.6166118058815354,-0.1844915641664557,-1.0551113048821463,-0.2956611282851087,0.4225520873298068,-0.3328649855817208,-0.163626524864017,0.1507825340841222,-1.3883951729476465,1.207184446679973,1.189792245052923,-2.071047129048716,1.477703665920977,1.1347022212578797,0.4146011412657063,1.1815600363453655,1.2134215385495275,-0.5037270073963394,-0.2283147493534958,-0.5711885111003471,0.814840768877692,0.4401677309495226,-0.0221066493989352,0.3302688360663298,0.1369832295262106,0.5361615972475945,-0.0858025939094401,0.9832057487538756,6.29456909813739,1.0556016796352234,-0.0437234490725416,0.269304650575553,-0.3668626787888381,0.7252672752020305,0.8925919956831061,1.140612459248136,0.6886341432528147,-0.3762411122925999,2.211633796669296,-1.5328620042018,-0.3913131259365396,0.0840690824085292,-0.7386854223386151,-0.2988133701791936,-0.2415509813238702,-0.087890262974469,0.8794067197059604,-0.4030143928284177,-0.302906864495736,0.1196787942575057,0.4457081757565406,-0.235878206044041,-0.0252131206800924,-0.7668048446047123,-0.0354265940847599,-0.4697440434368756,-0.056462027181365,-0.1454645057225545,-0.1714733146651894,-0.5017876690899554,-1.2933939783490551,0.1626675578114785,0.9352778682526868,0.8270164374606469,-1.980519559937328,-0.1852622060542116,-0.709370422504397,-0.6806304321144269,0.0310078361688005,-1.7741746604358106,-0.104594785259551,-0.6193185216303021,-0.8927484164194901,0.244210615171114,0.3757434688579668,-0.8977584757116084,-0.1683622813925296,0.0659380172595104,0.3763245990838775,-0.4218112450271373,1.3746969594539429,0.0533319852522452,-0.1121569844386227,0.4976375509197165,2.66782678144529,3.831396795060044,-0.4612625985858882,-0.0274398420300493,0.5757137879238794,0.8887953423578073,-0.9869914620380804,-0.438776604468314,-1.7111266946555372,0.1164276945755044,-0.8595944949061005,-0.3640460600900895,0.4987806544235103,-1.052933592117938,-0.2267317721748413,0.0222067874065646,-1.2828044273629973,-0.1256234461264941,-0.3540396300869953,3.1836193315228,-0.451237002182268,-0.5730829541248158,-0.6053120472937933,-1.410071061074701,1.0045323251989704,0.7663328424236197,0.8249000563645474,-0.1365083656543363,1.6943102909422787,0.4251328084630383,-0.7455616041887352,0.5189426775515043,1.4590038035419934,-0.11617567,-0.1054634479795982,-0.1126207200842272,-0.0746930124457242,-0.1964274217235758,0.180919091348991,-0.5650635113558399,-0.376422372980198,-0.8195024196731736,1.4722100396115874,-0.1888110614360804,-0.4376680291971048,0.5369291265371524,-0.2633375414658256,-0.2313935751669787,-0.6602529501777653,-0.4198323812746107,-0.5187528646940454,-0.7541161255709586,0.7912116669372682,0.406060086058338,0.3660177699606025,-0.1882325407321086,-0.5504713572736657,0.2505403500368776,-0.5778885755663897,118,2
-0.7119984761066422,0.621475199498803,0.7158562804384341,0.2461684633742191,-0.0531949202010861,1.647697800421878,-0.3767669736651206,-0.9186446906480864,0.2770849938961416,-0.1471160476365751,-0.3135221149871715,0.3045412171719385,5.7285115,2.690947304869424,1.6974902055066188,-1.4298146074638407,0.2831976592275697,0.2586179862080602,-1.7316909711442834,0.1371230349452853,-0.618607663516319,-0.3534060316410828,0.1476198420168123,-0.2273677562679581,-0.0439303237589193,0.5024554901948198,-1.2488313263364386,2.0616042817905265,0.2709153978188589,-0.4841600960229754,-0.0315915105166673,-1.2986492078953955,2.169382349468864,1.7776154027657052,-0.5324091326537371,-1.349450099140374,1.240744541369717,0.7415681350365542,1.316044186977018,1.2829848263299255,0.6465196387643736,-2.4676808557908423,1.4413531851733872,-0.4552347877027504,0.8679622885871006,0.4243924209784934,1.59372657933284,-0.0501429997250537,-0.7501702008946622,1.3781224093437132,2.997661993406445,-0.0252699347859634,0.6166118058815354,-0.1844915641664557,-1.0551113048821463,-0.2956611282851087,0.4225520873298068,-0.3328649855817208,-0.163626524864017,0.1507825340841222,-1.3883951729476465,1.207184446679973,1.189792245052923,-2.071047129048716,1.477703665920977,1.1347022212578797,0.4146011412657063,1.1815600363453655,1.2134215385495275,-0.5037270073963394,-0.2283147493534958,-0.5711885111003471,0.814840768877692,0.4401677309495226,-0.0221066493989352,0.3302688360663298,0.1369832295262106,0.5361615972475945,-0.0858025939094401,0.9832057487538756,6.29456909813739,1.0556016796352234,-0.0437234490725416,0.269304650575553,-0.3668626787888381,0.7252672752020305,0.8925919956831061,1.140612459248136,0.6886341432528147,-0.3762411122925999,2.211633796669296,-1.5328620042018,-0.3913131259365396,0.0840690824085292,-0.7386854223386151,-0.2988133701791936,-0.2415509813238702,-0.087890262974469,0.8794067197059604,-0.4030143928284177,-0.302906864495736,0.1196787942575057,0.4457081757565406,-0.235878206044041,-0.0252131206800924,-0.7668048446047123,-0.0354265940847599,-0.4697440434368756,-0.056462027181365,-0.1454645057225545,-0.1714733146651894,-0.5017876690899554,-1.2933939783490551,0.1626675578114785,0.9352778682526868,0.8270164374606469,-1.980519559937328,-0.1852622060542116,-0.709370422504397,-0.6806304321144269,0.0310078361688005,-1.7741746604358106,-0.104594785259551,-0.6193185216303021,-0.8927484164194901,0.244210615171114,0.3757434688579668,-0.8977584757116084,-0.1683622813925296,0.0659380172595104,0.3763245990838775,-0.4218112450271373,1.3746969594539429,0.0533319852522452,-0.1121569844386227,0.4976375509197165,2.66782678144529,3.831396795060044,-0.4612625985858882,-0.0274398420300493,0.5757137879238794,0.8887953423578073,-0.9869914620380804,-0.438776604468314,-1.7111266946555372,0.1164276945755044,1.78619223,-0.3640460600900895,0.4987806544235103,-1.052933592117938,-0.2267317721748413,0.0222067874065646,-1.2828044273629973,-0.1256234461264941,-0.3540396300869953,3.1836193315228,-0.451237002182268,-0.5730829541248158,-0.6053120472937933,-1.410071061074701,1.0045323251989704,0.7663328424236197,0.8249000563645474,-0.1365083656543363,1.6943102909422787,0.4251328084630383,-0.7455616041887352,0.5189426775515043,1.4590038035419934,0.4766983426982845,-0.1054634479795982,-0.1126207200842272,-0.0746930124457242,-0.1964274217235758,0.180919091348991,-0.5650635113558399,-0.376422372980198,-0.8195024196731736,1.4722100396115874,-0.1888110614360804,-0.4376680291971048,0.5369291265371524,-0.2633375414658256,-0.2313935751669787,-0.6602529501777653,-0.4198323812746107,-0.5187528646940454,-0.7541161255709586,0.7912116669372682,0.406060086058338,0.3660177699606025,-0.1882325407321086,-0.5504713572736657,0.2505403500368776,-0.5778885755663897,118,3
-0.7119984761066422,0.621475199498803,0.7158562804384341,0.2461684633742191,-0.0531949202010861,1.647697800421878,-0.3767669736651206,-0.9186446906480864,0.2770849938961416,-0.1471160476365751,-0.3135221149871715,0.3045412171719385,0.8511589265386026,2.690947304869424,1.6974902055066188,-1.4298146074638407,0.2831976592275697,0.2586179862080602,-1.7316909711442834,0.1371230349452853,-0.618607663516319,-0.3534060316410828,0.1476198420168123,-0.2273677562679581,-0.0439303237589193,0.5024554901948198,-1.2488313263364386,2.0616042817905265,0.2709153978188589,-0.4841600960229754,-0.0315915105166673,-1.2986492078953955,2.169382349468864,1.7776154027657052,-0.5324091326537371,-1.349450099140374,1.240744541369717,0.7415681350365542,1.316044186977018,1.2829848263299255,0.6465196387643736,-2.4676808557908423,1.4413531851733872,-0.4552347877027504,0.8679622885871006,0.4243924209784934,1.59372657933284,-0.0501429997250537,-0.7501702008946622,1.3781224093437132,2.997661993406445,-0.0252699347859634,0.6166118058815354,-0.1844915641664557,-1.0551113048821463,-0.2956611282851087,0.4225520873298068,-0.3328649855817208,-0.163626524864017,0.1507825340841222,-1.3883951729476465,1.207184446679973,1.189792245052923,-2.071047129048716,1.477703665920977,1.1347022212578797,0.4146011412657063,1.1815600363453655,1.2134215385495275,-0.5037270073963394,-0.2283147493534958,-0.5711885111003471,0.814840768877692,0.4401677309495226,-0.0221066493989352,0.3302688360663298,0.1369832295262106,0.5361615972475945,4.46822145,0.9832057487538756,6.29456909813739,1.0556016796352234,-0.0437234490725416,0.269304650575553,-0.3668626787888381,0.7252672752020305,0.8925919956831061,1.140612459248136,0.6886341432528147,-0.3762411122925999,2.211633796669296,-1.5328620042018,-0.3913131259365396,0.0840690824085292,-0.7386854223386151,-0.2988133701791936,-0.2415509813238702,-0.087890262974469,0.8794067197059604,-0.4030143928284177,-0.302906864495736,0.1196787942575057,0.4457081757565406,-0.235878206044041,-0.0252131206800924,-0.7668048446047123,-0.0354265940847599,-0.4697440434368756,-0.056462027181365,-0.1454645057225545,-0.1714733146651894,-0.5017876690899554,-1.2933939783490551,0.1626675578114785,0.9352778682526868,0.8270164374606469,-1.980519559937328,-0.1852622060542116,-0.709370422504397,-0.6806304321144269,0.0310078361688005,-1.7741746604358106,-0.104594785259551,-0.6193185216303021,-0.8927484164194901,0.244210615171114,0.3757434688579668,-0.8977584757116084,-0.1683622813925296,0.0659380172595104,0.3763245990838775,-0.4218112450271373,1.3746969594539429,0.0533319852522452,-0.1121569844386227,0.4976375509197165,2.66782678144529,3.831396795060044,-0.4612625985858882,-0.0274398420300493,0.5757137879238794,0.8887953423578073,-0.9869914620380804,-0.438776604468314,-1.7111266946555372,0.1164276945755044,-0.8595944949061005,-0.3640460600900895,0.4987806544235103,-1.052933592117938,-0.2267317721748413,0.0222067874065646,-1.2828044273629973,-0.1256234461264941,-0.3540396300869953,3.1836193315228,-0.451237002182268,-0.5730829541248158,-0.6053120472937933,-1.410071061074701,1.0045323251989704,0.7663328424236197,0.8249000563645474,-0.1365083656543363,1.6943102909422787,0.4251328084630383,-0.7455616041887352,0.5189426775515043,1.4590038035419934,0.4766983426982845,-0.1054634479795982,-0.1126207200842272,-0.0746930124457242,-0.1964274217235758,0.180919091348991,-0.5650635113558399,-0.376422372980198,-0.8195024196731736,1.4722100396115874,-0.1888110614360804,-0.4376680291971048,0.5369291265371524,-0.2633375414658256,-0.2313935751669787,-0.6602529501777653,-0.4198323812746107,-0.5187528646940454,-0.7541161255709586,0.7912116669372682,0.406060086058338,0.3660177699606025,-0.1882325407321086,-0.5504713572736657,0.2505403500368776,-0.5778885755663897,118,4
-2.901682321,-0.4702607967695342,1.003736441519224,0.6215574553821961,-0.046310826793596,-0.3325506013284569,2.1146971699762696,-1.0583140740090908,-0.7278139381200376,0.2014347545947446,2.304262499327512,0.5761753698194007,-2.3912178,0.0649239018093532,0.5035522213893472,0.1185610086304837,0.4849413417143734,0.3167202605923515,-0.6584636020893412,0.5453982564481745,-0.3026483839719692,-0.1806382572327993,-0.2670848409991788,-0.2184835498991665,-0.2057181080097202,0.0540216948184765,0.197400620497865,-0.2350811203103489,0.3725708917113294,0.286197073129205,0.1340026693002074,-0.8241625334010833,-0.239569476672617,-0.2031046067848215,0.9138393049127588,-0.052164265613782,-0.148281950309412,0.8964727518988881,-1.0567176762097463,0.5755036088166933,-0.4241376832003772,1.5510818698166222,-1.5347627794502288,1.741632935323886,2.2229432167994703,1.8137736653529664,-1.334627220343536,-0.050769759254104,0.3047092613619261,-1.5217833423993363,-0.0601916110602537,-0.0252699347859634,-2.180904238603071,0.4246674853632985,-1.932876602335369,1.0234394543380312,-0.8166648577707666,-2.4938165242111627,0.0001376017839947,-0.1268505674113653,-1.0610656283520512,0.1883713685648606,0.310936561071629,-0.5353370411682375,0.2072393907825922,1.2866026770853374,1.7747745852468384,0.2425672080674587,-1.5550824706743147,-0.0162327714186216,-0.453264862793155,-0.7553769890660055,0.5869527170397476,-0.7155740176763303,-0.2823322559922263,-0.897987958506941,0.0311157364880019,0.2436838038799112,0.0751157791729336,-0.5725721671370884,-0.5714988151548152,-0.2837906710858828,-0.5802086664140793,-0.2312110624101053,-0.2513060048627168,-0.8837376614306954,-0.8474677452793119,0.96865950231501,2.0307159621599946,-0.0613973866164961,-0.5895985245294042,-0.133871160597768,-0.6633197563561801,-0.6200173420512658,0.57620450475808,-0.3814446432149601,-0.4726152332436935,0.1759277693247095,-0.3083904880088586,-0.0583253483314225,0.3679575358640411,0.0702897971327575,-0.0705376649769284,0.2199469061174077,0.3854673411687767,1.299198442937891,0.2719851598015598,0.5918563146121154,-0.0567482780362651,0.5188540126056075,0.0324390795915692,-0.7491775166045932,1.3719177582899054,-0.4385450203479813,1.3546417751391406,0.5998080456663072,1.0503435560748573,-1.0768402812417537,-0.064390132722541,0.1295693243287533,0.1694470513247022,-0.4449809450194001,0.0829745130935223,0.958204710225093,1.7565243002143227,-0.9369802145094008,-0.336761106669023,-0.8830327083323293,-0.8126656329409111,-1.1141374331463876,-0.1175230594227839,0.3154945783292664,-0.4021676492080222,0.7794287278731397,0.6052778671749077,-0.3497387665699544,-0.3850391206006949,-0.0580290009462273,-0.91079909942942,-0.1774226476828399,-0.811577415866027,-0.8018491714075651,-1.2447418461978212,-0.2568451345796886,-0.2557394100060999,-0.898324744904966,-0.2271736192334955,0.4943002937165432,-1.228299511706077,0.2838268194106419,-0.0929518130004701,-0.73724446220673,-0.6859541919896949,-1.1408278789356825,-0.2451624910940698,-0.8039874941439035,-0.606910479567612,-0.5631911715157188,-0.4807383341380874,0.0617205580794029,0.0710113423730247,0.553835368581397,1.0219960037767235,-0.1340586784286546,-0.8299442223333969,-0.8098055913867858,1.987459142458211,2.0388749063131058,-0.8365107641072618,-0.0403804017781552,0.3604041598520246,-0.1126207200842272,-0.0959410923000844,0.225805410771315,1.132155275999975,0.8737299086729697,-0.376422372980198,-1.281006427053863,-0.6883434355491362,1.4699616970833422,-0.1418032094017258,0.4752739952463731,0.1630617519049078,1.2438575673735572,0.142667662355713,-0.0584213459216328,-0.0193549460392863,0.8515045707743807,1.35823576204502,0.4326118171041633,0.2838431375976072,-0.2570804428298767,-0.5520816708406299,-0.213613031917731,1.840422938497172,123,0
0.2932101025684763,-0.4702607967695342,1.003736441519224,0.6215574553821961,-0.046310826793596,-0.3325506013284569,2.1146971699762696,-1.0583140740090908,-0.7278139381200376,0.2014347545947446,2.304262499327512,0.5761753698194007,0.1800807708920906,0.0649239018093532,0.5035522213893472,0.1185610086304837,0.4849413417143734,0.3167202605923515,-0.6584636020893412,0.5453982564481745,-0.3026483839719692,-0.1806382572327993,-0.2670848409991788,-0.2184835498991665,-0.2057181080097202,0.0540216948184765,0.197400620497865,-0.2350811203103489,0.3725708917113294,0.286197073129205,0.1340026693002074,-0.8241625334010833,-0.239569476672617,-0.2031046067848215,0.9138393049127588,-0.052164265613782,-0.148281950309412,0.8964727518988881,-1.0567176762097463,0.5755036088166933,-0.4241376832003772,1.5510818698166222,-1.5347627794502288,1.741632935323886,2.2229432167994703,1.8137736653529664,-1.334627220343536,-0.050769759254104,0.3047092613619261,-1.5217833423993363,-0.0601916110602537,-0.0252699347859634,-2.180904238603071,0.4246674853632985,-1.932876602335369,1.0234394543380312,-0.8166648577707666,-2.4938165242111627,0.0001376017839947,-0.1268505674113653,-1.0610656283520512,0.1883713685648606,0.310936561071629,-0.5353370411682375,0.2072393907825922,1.2866026770853374,1.7747745852468384,0.2425672080674587,-1.5550824706743147,-0.0162327714186216,-0.453264862793155,-0.7553769890660055,0.5869527170397476,-0.7155740176763303,-0.2823322559922263,-0.897987958506941,0.0311157364880019,0.2436838038799112,0.0751157791729336,-0.5725721671370884,-0.5714988151548152,-0.2837906710858828,-0.5802086664140793,-0.2312110624101053,-0.2513060048627168,-0.8837376614306954,-0.8474677452793119,0.96865950231501,2.0307159621599946,-0.0613973866164961,-0.5895985245294042,-0.133871160597768,-0.6633197563561801,-0.6200173420512658,0.57620450475808,-0.3814446432149601,-0.4726152332436935,0.1759277693247095,-0.3083904880088586,-0.0583253483314225,0.3679575358640411,0.0702897971327575,-0.0705376649769284,0.2199469061174077,0.3854673411687767,1.299198442937891,0.2719851598015598,0.5918563146121154,-0.0567482780362651,0.5188540126056075,0.0324390795915692,-0.7491775166045932,1.3719177582899054,-0.4385450203479813,1.3546417751391406,0.5998080456663072,1.0503435560748573,-1.0768402812417537,-0.064390132722541,0.1295693243287533,0.1694470513247022,-0.4449809450194001,0.0829745130935223,0.958204710225093,1.7565243002143227,-0.9369802145094008,-0.336761106669023,-0.8830327083323293,-0.8126656329409111,-1.1141374331463876,-0.1175230594227839,0.3154945783292664,-0.4021676492080222,0.7794287278731397,0.6052778671749077,-0.3497387665699544,-0.3850391206006949,-0.0580290009462273,-0.91079909942942,-0.1774226476828399,-0.811577415866027,-0.8018491714075651,-1.2447418461978212,-0.2568451345796886,-0.2557394100060999,1.9770233,-0.2271736192334955,0.4943002937165432,-1.228299511706077,0.2838268194106419,-0.0929518130004701,-0.73724446220673,-0.6859541919896949,-1.1408278789356825,-0.2451624910940698,-0.8039874941439035,-0.606910479567612,-0.5631911715157188,-0.4807383341380874,0.0617205580794029,0.0710113423730247,0.553835368581397,1.0219960037767235,-0.1340586784286546,-0.8299442223333969,-0.8098055913867858,1.987459142458211,2.0388749063131058,-0.8365107641072618,-0.0403804017781552,0.3604041598520246,-0.1126207200842272,-0.0959410923000844,0.225805410771315,1.132155275999975,0.8737299086729697,-0.376422372980198,-1.281006427053863,-0.6883434355491362,1.4699616970833422,-0.1418032094017258,0.4752739952463731,0.1630617519049078,1.2438575673735572,0.142667662355713,-0.0584213459216328,-0.0193549460392863,0.8515045707743807,1.35823576204502,0.4326118171041633,0.2838431375976072,-0.2570804428298767,-0.5520816708406299,-0.213613031917731,1.840422938497172,123,1
0.2932101025684763,-0.4702607967695342,1.003736441519224,0.6215574553821961,-0.046310826793596,-0.3325506013284569,2.1146971699762696,-1.0583140740090908,-0.7278139381200376,0.2014347545947446,2.304262499327512,0.5761753698194007,3.8295462,0.0649239018093532,0.5035522213893472,0.1185610086304837,0.4849413417143734,0.3167202605923515,-0.6584636020893412,0.5453982564481745,-0.3026483839719692,-0.1806382572327993,-0.2670848409991788,-0.2184835498991665,-0.2057181080097202,0.0540216948184765,0.197400620497865,-0.2350811203103489,0.3725708917113294,0.286197073129205,0.1340026693002074,-0.8241625334010833,-0.239569476672617,-0.2031046067848215,0.9138393049127588,-0.052164265613782,-0.148281950309412,0.8964727518988881,-1.0567176762097463,0.5755036088166933,-0.4241376832003772,1.5510818698166222,-1.5347627794502288,1.741632935323886,2.2229432167994703,1.8137736653529664,-1.334627220343536,-0.050769759254104,0.3047092613619261,-1.5217833423993363,-0.0601916110602537,-0.0252699347859634,-2.180904238603071,0.4246674853632985,-1.932876602335369,1.0234394543380312,-0.8166648577707666,-2.4938165242111627,0.0001376017839947,-0.1268505674113653,-1.0610656283520512,0.1883713685648606,0.310936561071629,-0.5353370411682375,0.2072393907825922,1.2866026770853374,1.7747745852468384,0.2425672080674587,-1.5550824706743147,-0.0162327714186216,-0.453264862793155,-0.7553769890660055,0.5869527170397476,-0.7155740176763303,-0.2823322559922263,-0.897987958506941,0.0311157364880019,0.2436838038799112,0.0751157791729336,-0.5725721671370884,-0.5714988151548152,-0.2837906710858828,-0.5802086664140793,-0.2312110624101053,-0.2513060048627168,-0.8837376614306954,-0.8474677452793119,0.96865950231501,2.0307159621599946,-0.0613973866164961,-0.5895985245294042,-0.133871160597768,-0.6633197563561801,-0.6200173420512658,0.57620450475808,-0.3814446432149601,-0.4726152332436935,0.1759277693247095,-0.3083904880088586,-0.0583253483314225,0.3679575358640411,0.0702897971327575,-0.0705376649769284,0.2199469061174077,0.3854673411687767,1.299198442937891,0.2719851598015598,0.5918563146121154,-0.0567482780362651,0.5188540126056075,0.0324390795915692,-0.7491775166045932,1.3719177582899054,-0.4385450203479813,1.3546417751391406,0.5998080456663072,1.0503435560748573,-1.0768402812417537,-0.064390132722541,0.1295693243287533,0.1694470513247022,-0.4449809450194001,0.0829745130935223,0.958204710225093,1.7565243002143227,-0.9369802145094008,-0.336761106669023,-0.8830327083323293,-0.8126656329409111,-1.1141374331463876,-0.1175230594227839,0.3154945783292664,-0.4021676492080222,0.7794287278731397,0.6052778671749077,-0.3497387665699544,-0.3850391206006949,-0.0580290009462273,-0.91079909942942,-0.1774226476828399,-0.811577415866027,-0.8018491714075651,-1.2447418461978212,-0.2568451345796886,-0.2557394100060999,-0.898324744904966,-0.2271736192334955,0.4943002937165432,-1.228299511706077,0.2838268194106419,-0.0929518130004701,-0.73724446220673,-0.6859541919896949,-1.1408278789356825,-0.2451624910940698,-0.8039874941439035,-0.606910479567612,-0.5631911715157188,-0.4807383341380874,0.0617205580794029,0.0710113423730247,0.553835368581397,1.0219960037767235,-0.1340586784286546,-0.8299442223333969,-0.8098055913867858,1.987459142458211,2.0388749063131058,-0.8365107641072618,-0.0403804017781552,0.3604041598520246,-0.1126207200842272,-0.0959410923000844,0.225805410771315,1.132155275999975,0.8737299086729697,-0.376422372980198,-1.281006427053863,-0.6883434355491362,1.4699616970833422,-0.1418032094017258,0.4752739952463731,0.1630617519049078,1.2438575673735572,0.142667662355713,-0.0584213459216328,-0.0193549460392863,0.8515045707743807,1.35823576204502,0.4326118171041633,0.2838431375976072,-0.2570804428298767,-0.5520816708406299,-0.213613031917731,1.840422938497172,123,2
0.2932101025684763,-0.4702607967695342,1.003736441519224,0.6215574553821961,-0.046310826793596,-0.3325506013284569,2.1146971699762696,-1.0583140740090908,-0.7278139381200376,0.2014347545947446,2.304262499327512,0.5761753698194007,0.7905775,0.0649239018093532,0.5035522213893472,0.1185610086304837,0.4849413417143734,0.3167202605923515,-0.6584636020893412,0.5453982564481745,-0.3026483839719692,-0.1806382572327993,-0.2670848409991788,-0.2184835498991665,-0.2057181080097202,0.0540216948184765,0.197400620497865,-0.2350811203103489,0.3725708917113294,0.286197073129205,0.1340026693002074,-0.8241625334010833,-0.239569476672617,-0.2031046067848215,0.9138393049127588,-0.052164265613782,-0.148281950309412,0.8964727518988881,-1.0567176762097463,0.5755036088166933,-0.4241376832003772,1.5510818698166222,-1.5347627794502288,1.741632935323886,2.2229432167994703,1.8137736653529664,-1.334627220343536,-0.050769759254104,0.3047092613619261,-1.5217833423993363,-0.0601916110602537,-0.0252699347859634,-2.180904238603071,0.4246674853632985,-1.932876602335369,1.0234394543380312,-0.8166648577707666,-2.4938165242111627,0.0001376017839947,-0.1268505674113653,-1.0610656283520512,0.1883713685648606,0.310936561071629,-0.5353370411682375,0.2072393907825922,1.2866026770853374,-1.92912536,0.2425672080674587,-1.5550824706743147,-0.0162327714186216,-0.453264862793155,-0.7553769890660055,0.5869527170397476,-0.7155740176763303,-0.2823322559922263,-0.897987958506941,0.0311157364880019,0.2436838038799112,0.0751157791729336,-0.5725721671370884,-0.5714988151548152,-0.2837906710858828,-0.5802086664140793,-0.2312110624101053,-0.2513060048627168,-0.8837376614306954,-0.8474677452793119,0.96865950231501,2.0307159621599946,-0.0613973866164961,-0.5895985245294042,-0.133871160597768,-0.6633197563561801,-0.6200173420512658,0.57620450475808,-0.3814446432149601,-0.4726152332436935,0.1759277693247095,-0.3083904880088586,-0.0583253483314225,0.3679575358640411,0.0702897971327575,-0.0705376649769284,0.2199469061174077,0.3854673411687767,1.299198442937891,0.2719851598015598,0.5918563146121154,-0.0567482780362651,0.5188540126056075,0.0324390795915692,-0.7491775166045932,1.3719177582899054,-0.4385450203479813,1.3546417751391406,0.5998080456663072,1.0503435560748573,-1.0768402812417537,-0.064390132722541,0.1295693243287533,0.1694470513247022,-0.4449809450194001,0.0829745130935223,0.958204710225093,1.7565243002143227,-0.9369802145094008,-0.336761106669023,-0.8830327083323293,-0.8126656329409111,-1.1141374331463876,-0.1175230594227839,0.3154945783292664,-0.4021676492080222,0.7794287278731397,0.6052778671749077,-0.3497387665699544,-0.3850391206006949,-0.0580290009462273,-0.91079909942942,-0.1774226476828399,-0.811577415866027,-0.8018491714075651,-1.2447418461978212,-0.2568451345796886,-0.2557394100060999,-0.898324744904966,-0.2271736192334955,0.4943002937165432,-1.228299511706077,0.2838268194106419,-0.0929518130004701,-0.73724446220673,-0.6859541919896949,-1.1408278789356825,-0.2451624910940698,-0.8039874941439035,-0.606910479567612,-0.5631911715157188,-0.4807383341380874,0.0617205580794029,0.0710113423730247,0.553835368581397,1.0219960037767235,-0.1340586784286546,-0.8299442223333969,-0.8098055913867858,1.987459142458211,2.0388749063131058,-0.8365107641072618,-0.0403804017781552,0.3604041598520246,-0.1126207200842272,-0.0959410923000844,0.225805410771315,1.132155275999975,0.8737299086729697,-0.376422372980198,-1.281006427053863,-0.6883434355491362,1.4699616970833422,-0.1418032094017258,0.4752739952463731,0.1630617519049078,1.2438575673735572,0.142667662355713,-0.0584213459216328,-0.0193549460392863,0.8515045707743807,1.35823576204502,0.4326118171041633,0.2838431375976072,-0.2570804428298767,-0.5520816708406299,-0.213613031917731,1.840422938497172,123,3
0.2932101025684763,-0.4702607967695342,1.003736441519224,0.6215574553821961,-0.046310826793596,-0.3325506013284569,2.1146971699762696,-1.0583140740090908,-0.7278139381200376,0.2014347545947446,2.304262499327512,0.5761753698194007,0.1800807708920906,0.0649239018093532,0.5035522213893472,0.1185610086304837,0.4849413417143734,0.3167202605923515,-0.6584636020893412,0.5453982564481745,-0.3026483839719692,-0.1806382572327993,-0.2670848409991788,-0.2184835498991665,-0.2057181080097202,0.0540216948184765,0.197400620497865,-0.2350811203103489,0.3725708917113294,0.286197073129205,0.1340026693002074,-0.8241625334010833,-0.239569476672617,-0.2031046067848215,0.9138393049127588,-0.052164265613782,-0.148281950309412,0.8964727518988881,-1.0567176762097463,0.5755036088166933,-0.4241376832003772,1.5510818698166222,-1.5347627794502288,1.741632935323886,2.2229432167994703,1.8137736653529664,-1.334627220343536,-0.050769759254104,0.3047092613619261,-1.5217833423993363,-0.0601916110602537,-0.0252699347859634,-2.180904238603071,0.4246674853632985,-1.932876602335369,1.0234394543380312,-0.8166648577707666,-2.4938165242111627,0.0001376017839947,-0.1268505674113653,-1.0610656283520512,0.1883713685648606,0.310936561071629,-0.5353370411682375,0.2072393907825922,1.2866026770853374,1.7747745852468384,0.2425672080674587,-1.5550824706743147,-0.0162327714186216,-0.453264862793155,-0.7553769890660055,0.5869527170397476,-0.7155740176763303,-0.2823322559922263,-0.897987958506941,0.0311157364880019,0.2436838038799112,0.0751157791729336,-0.5725721671370884,-0.5714988151548152,-0.2837906710858828,-0.5802086664140793,-0.2312110624101053,-0.2513060048627168,-0.8837376614306954,-0.8474677452793119,0.96865950231501,2.0307159621599946,-0.0613973866164961,-0.5895985245294042,-0.133871160597768,-0.6633197563561801,-0.6200173420512658,0.57620450475808,-0.3814446432149601,-0.4726152332436935,0.1759277693247095,-0.3083904880088586,-0.0583253483314225,0.3679575358640411,0.0702897971327575,-0.0705376649769284,0.2199469061174077,0.3854673411687767,1.299198442937891,0.2719851598015598,0.5918563146121154,-0.0567482780362651,23.58833403,0.0324390795915692,-0.7491775166045932,1.3719177582899054,-0.4385450203479813,1.3546417751391406,0.5998080456663072,1.0503435560748573,-1.0768402812417537,-0.064390132722541,0.1295693243287533,0.1694470513247022,-0.4449809450194001,0.0829745130935223,0.958204710225093,1.7565243002143227,-0.9369802145094008,-0.336761106669023,-0.8830327083323293,-0.8126656329409111,-1.1141374331463876,-0.1175230594227839,0.3154945783292664,-0.4021676492080222,0.7794287278731397,0.6052778671749077,-0.3497387665699544,-0.3850391206006949,-0.0580290009462273,-0.91079909942942,-0.1774226476828399,-0.811577415866027,-0.8018491714075651,-1.2447418461978212,-0.2568451345796886,-0.2557394100060999,-0.898324744904966,-0.2271736192334955,0.4943002937165432,-1.228299511706077,0.2838268194106419,-0.0929518130004701,-0.73724446220673,-0.6859541919896949,-1.1408278789356825,-0.2451624910940698,-0.8039874941439035,-0.606910479567612,-0.5631911715157188,-0.4807383341380874,0.0617205580794029,0.0710113423730247,0.553835368581397,1.0219960037767235,-0.1340586784286546,-0.8299442223333969,-0.8098055913867858,1.987459142458211,2.0388749063131058,-0.8365107641072618,-0.0403804017781552,0.3604041598520246,-0.1126207200842272,-0.0959410923000844,0.225805410771315,1.132155275999975,0.8737299086729697,-0.376422372980198,-1.281006427053863,-0.6883434355491362,1.4699616970833422,-0.1418032094017258,0.4752739952463731,0.1630617519049078,1.2438575673735572,0.142667662355713,-0.0584213459216328,-0.0193549460392863,0.8515045707743807,1.35823576204502,0.4326118171041633,0.2838431375976072,-0.2570804428298767,-0.5520816708406299,-0.213613031917731,1.840422938497172,123,4
